-6.6777196891	5.0485239917
-6.1429273308	-2.3136845793
-3.7112457096	-12.7798402549
-7.3542627066	-9.6045794037
-6.7165293765	-12.3828298184
-7.4893041017	-4.2754595524
-12.0647091448	-0.159055945
-4.6881020687	-12.2456712598
-6.4702493307	-7.8396606793
-5.7032457404	-6.7316403924
-6.5605826489	-1.625724907
-5.9554094444	-3.7854502095
-8.6146919608	-8.5559861196
-3.6773636314	0.400975008
-5.0422247732	-8.1402221957
-7.1023633911	-10.9833609175
-6.1218935921	-3.7007820209
-3.7751138514	-11.2203218257
-9.4812972032	0.6291815606
-0.8407969758	-3.931854293
-3.9800150999	-3.2217805921
-1.7849796603	-9.6137269279
-7.3791269878	-9.4654088311
-6.554183724	-7.6528087757
-4.5674032487	-1.3217703348
-6.1641289002	-3.0343720777
-7.5752428573	-0.6282494331
-6.0099395184	-0.2784999016
-5.8190535497	-1.2862882872
-5.3477135194	-4.916479737
-6.9426150718	-13.5082837758
-10.0755391221	-11.5087222979
-2.6234231383	-8.7027435541
-6.7542773294	-5.7246970502
-4.5007118363	-1.7797268629
-5.2998588868	-1.960715555
-7.7307178743	-8.7144035155
-5.6528746634	-4.6597761551
-7.4830911429	-2.6469530634
-4.0843960157	-9.8154195781
-8.4853773851	-9.4801079276
-4.7043650495	-1.6067297986
-3.6714926163	-10.3023056369
-5.4714256955	-5.0705548523
-5.9036767762	-5.9847228935
-2.0256910663	-12.8960917595
-6.1154744977	-12.0575928537
-8.4241628815	-2.7132617794
-9.0395951434	-10.7205691419
-7.2558897286	-2.1946346765
-4.4022962913	-9.0429115701
-8.0486390364	-14.0264649017
-3.3306543364	-9.6916656975
-6.0731839058	-14.3744167996
-7.6371868964	-8.63185183
-4.8035776947	-13.3140098271
-5.2475398929	-11.4101897697
-7.8751830365	-10.6324863346
-3.5475390131	-4.6238434322
-10.8951299879	-5.0731704296
-7.1544035578	-12.9383151342
-4.440353407	5.0641750636
-12.1813475501	7.19741261
-3.6171384938	-1.8844928919
-6.4560794266	-14.6500560183
-7.3424482556	-3.5608199207
-4.9096136749	-2.6660313354
-7.8112605757	-6.8443724682
-9.192626557	-1.1743147009
-2.1325853909	-2.2458693159
-5.8874858726	-9.0118732163
-6.5192869025	-7.8018318153
-5.0836819971	-0.2086189948
-3.7631541369	-3.8719700152
-6.7768519708	-2.8723391801
-6.5207412176	-9.6698696184
-8.1175042578	-10.484919177
-8.8036604793	-3.3448361519
-6.7151077762	-6.3883452103
-6.2481587095	-2.6765365178
-5.7314295047	-4.6391953033
-7.2611562315	-5.3698404581
-7.0713975815	-5.0719670112
-5.9525123718	-4.8076673346
-4.5741615157	-1.7403547471
-5.3599382271	-10.4310141565
-7.4801859446	2.6694598867
-5.0676540976	-0.6592054668
-4.4337229338	-3.9262606917
-5.5475112316	-5.9939156242
-3.2281522573	-11.1931092307
-4.1566595874	-11.5910202304
-5.1343145203	-0.4377762762
-8.4559345327	-4.1775793394
-3.8301629557	-9.4271078463
-7.6452173032	-3.13636245
-6.0493559001	-10.665678843
-8.8626921849	-2.2934314767
-6.9832372883	-12.2839763362
-7.2136754959	-5.3692708146
-3.5450935096	-6.0896006706
-5.2519314617	-11.6568794077
-9.1089101896	-2.7085637258
-2.2681652836	-10.966624513
-6.6696809966	-1.4287625006
-2.8120540908	-5.2103907847
-5.7804648021	-7.5466115565
-8.7112508269	-7.1536182979
-7.3019637654	-2.0840266241
-7.9777274906	-7.6426194018
-7.1419047264	-10.844468209
-4.215231008	-10.3136458965
-8.6356075233	-5.6934020964
-5.7359358012	3.6140757368
-6.4731962743	-11.8657514188
-7.5103256636	-6.4376806866
-5.0461122577	-2.8250307908
-6.2895019302	-9.3037360676
-4.8783295505	-3.0725290039
-6.053044642	-2.2140700221
-6.3935803323	-5.3336338743
-7.8855014073	-13.4078119429
-4.7647979549	-13.1222626254
-7.1449522142	-8.2746255282
-6.7318437102	-4.1686569229
-4.8533140364	-3.3501056894
-2.7817618832	-3.4251904732
-3.2843430785	-9.5925557199
-4.3371057097	-4.4066153997
-6.5297535599	-7.3758399617
-7.9272285813	-5.4354716079
-7.1707879265	-0.7176496848
-3.7717840558	-4.4087736882
-4.4512348964	-3.9398597269
-6.7063462312	-3.9721331698
-4.6507636357	-3.12373729
-6.196319276	-15.5588166029
-6.0073395897	0.1817903578
-6.2973982892	-7.1133876838
-7.5323393395	-3.3007874293
-6.0598759713	-4.2982815409
-5.0282171866	-6.5101978089
-5.4944160493	-8.8479989287
-8.788615178	1.3794058685
-6.1600482741	-4.6841291826
-4.2864381871	3.9621111572
-3.7909843766	-8.3239452279
-5.6880384121	-4.504102954
-5.4195057651	2.3740111939
-10.7619857848	-1.1957598311
-7.3181773699	-4.3554727275
-6.2866653007	-12.788100677
-7.2483210424	-6.5772353353
-4.4434165861	-5.5383168369
-3.9836859738	-11.4607983263
-4.359768592	-16.4831748089
-6.3068300051	-10.0464226314
-4.897322892	2.5383044319
-4.8910409963	-10.6389710433
-5.7509892203	-2.5072698578
-5.3482687071	-0.7920099804
-5.0384655009	-5.2102033692
-6.9173511469	-7.827579799
-3.5787025955	-0.287327953
-6.5311738669	-6.0703306202
-5.0652616218	-13.2715883964
-6.619469013	-5.5444490867
-0.6234410908	-9.3243264415
-5.0195173504	-10.9062791349
-3.0670491864	-8.4830725523
-4.9724058439	-7.0102069429
-7.3727702219	-7.2753660057
-8.6727801587	-10.9936976956
-9.864428518	-4.2627766633
-3.9051420117	-2.6183464666
-5.8817757444	2.3886850662
-6.6679833584	-1.10941176
-5.1916632688	-12.4645157326
-5.1724325426	-5.7093048293
-4.7231743893	-5.1322063022
-4.7806216723	-12.9844337045
-5.0900101269	-3.9841489458
-4.4863604051	0.9881403727
-4.8056191711	-4.2346602579
-9.9390867244	-11.7297930741
-7.5740208915	-6.7049111952
-3.2847211091	-6.541530877
-3.5098518032	-8.0442548975
-9.8657425786	-2.5273366938
-5.2153203799	-5.1913931548
-5.1891147715	-3.2863045319
-5.3751281119	-5.3035232742
-3.3753805704	-3.3167506845
-5.1491754316	-0.1591969398
-8.3130269157	-8.3775730113
-6.8575171767	-14.502089906
-6.3661843423	-0.0462342685
-5.9966063364	-2.8116315257
-6.6438842564	-10.19819435
-5.6579074079	-7.7547732125
-7.0422927988	-5.0923817181
-7.8281854652	-7.9306287904
-6.4180847924	-10.2577938645
-2.5701577928	-9.3886635149
-8.3949943021	-10.387720946
-6.4351851203	-6.1973284245
-4.9605661493	1.9114413927
-2.7755450045	-7.3742190161
-5.5008791162	-10.6023682969
-2.6070199983	-8.6161571219
-4.8239644386	-5.6558740929
-8.3495270702	-3.6705546029
-4.8497211042	-4.3528702533
-6.3986536694	0.3941102718
-6.1514458823	0.5513128447
-0.4956642228	-4.1373056981
-3.5709784492	-6.3334601057
-8.8944833494	-4.2237484296
-4.2099569663	-7.0869427055
-6.4260653456	-2.75809311
-4.75165764	-11.0612794799
-3.5859683911	-2.0917265099
-6.1408861893	-9.0881671344
-6.4508171857	-4.9578481843
-5.9187928251	-1.6483318616
-2.4419278035	-4.8981710809
-6.2366232876	-5.6656398851
-2.5856659232	-4.8059330074
-5.891819961	-8.368535177
-3.8655050195	-3.7516574451
-7.436232001	-0.0912739402
-6.2208347142	-0.7318199082
-5.5305337561	-4.0931617984
-5.5918602818	-1.7271157379
-6.6527987479	-6.3627002158
-4.1252739472	-4.0773080009
-10.2393677082	-8.5503815434
-6.8287861019	-16.2168152881
-6.7145240194	-4.151126494
-1.8285733368	-0.1840858477
-6.6070278165	-1.9122999817
-4.3491223881	-0.4306454348
-2.0752374345	-12.2290282582
-8.2833565171	-3.6587565182
-4.2882054792	-9.9185369117
-7.1091486863	-5.3416575382
-5.9822064069	-11.3070222597
-6.4689943796	-7.8119039606
-2.8089589211	-5.6980846427
-6.3163541819	-3.9766759722
-7.0351065775	-1.2194588293
-5.0343599618	-9.7916027366
-3.4984226831	-4.5539942019
-6.3333235409	-10.0384418458
-4.3476424334	-9.6007555519
-3.0789141737	-11.1690002393
-5.8120768553	-8.2823796031
-7.9567864511	-8.2172038839
-6.3923758403	-0.9786464236
-4.652081666	-10.7962313619
-4.4378944921	-11.8940417781
-7.0266232588	-6.7443765702
-10.3106173965	2.9687724157
-2.3876297543	-7.5792040698
-9.6758025192	-8.9441361687
-5.2154385843	-11.0337866465
-8.3479060325	-7.8871978505
-6.0266088225	-5.9861509483
-8.8588692145	-7.5019878395
-4.5454666877	-7.6415227537
-6.6154109065	-6.5012042347
-5.5632933548	-6.621530662
-4.4537526978	-7.1508586237
-6.4965779462	-6.8746752966
-4.3632117822	0.3909949521
-5.5815076252	-10.3575417699
-5.2327253386	-1.4380951807
-7.4367586511	-6.0881090372
-8.8592511393	-2.9946481111
-3.6641687634	-4.0200401857
-7.1571620424	-6.9024571763
-10.1046568609	-7.9990803767
-5.1194310521	-4.2462901867
-5.2058934615	-2.9287161961
-10.3714859258	-0.9872351079
-5.8918883959	-9.6655822946
-4.1406236898	-6.5554673934
-6.3701339942	-10.0877713416
-9.1645099525	-7.717226433
-2.5864022979	-5.5115628021
-6.3481109772	-8.4056068132
-3.9420016709	-11.8353600905
-8.507281972	-5.056120707
-8.3931756468	-7.6488973298
-7.4280429142	-4.8320295861
-4.3512267156	-3.435729821
-7.3341621058	-4.0704620035
-5.9559653253	-2.9432809908
-6.4320569348	-3.6565187822
-6.5496394268	-0.4652709545
-5.0989190318	-10.4425717648
-7.3025566433	1.8358698783
-8.4115944688	-3.9232364333
-10.0829232467	-9.0780079025
-9.684097652	-7.7300782284
-5.8409024271	-6.686357678
-5.8557323159	-5.2963717058
-6.0087395153	-4.9303564083
-7.6075555581	-6.622160611
-6.7930877178	-6.7647968144
-5.2840594078	-3.055117382
-3.5218693404	-5.3512018765
-8.6525656726	-2.8607806849
-6.3019435107	-4.15940516
-6.3050056005	-4.6176260073
-6.9407183444	-1.5676346942
-7.753384695	-7.1542919767
-9.0033836581	-15.9651103525
-3.2779599719	-9.1452597262
-6.010048052	-10.9004709058
-1.1779517656	-10.208536219
-6.4891146433	-4.1537625812
-3.7101976811	-3.2201008988
-5.4720064615	-2.4589321761
-4.889248106	-6.0781879777
-6.2992527901	-6.8685423748
-5.2568530261	-7.4327323433
-3.1807766214	-1.8757817588
-7.1015351361	-5.8069499025
-6.4958785418	-10.340083081
-6.737454417	-7.371218461
-5.1005344924	-6.2164120785
-4.1779461054	-9.8483680033
-6.1065578058	-6.5797822934
-4.473919879	-12.4375890283
-6.2453588988	-15.3854034437
-3.7577143464	-22.1470541275
-7.2729424034	-8.6346060875
-6.6761162783	-9.92714636
-7.1535255049	-4.7845188356
-6.6361066047	2.233633584
-4.0948477278	-8.6776955883
-5.4748225039	-5.2057039431
-7.5897440666	-0.5963727677
-7.803129699	-7.7105665093
-4.8692423783	-2.6279866594
-7.8019410846	-5.0048661508
-5.1769914077	-8.2800779154
-4.3041361991	-5.0340691233
-7.4126329433	-9.2721898641
-6.624927216	-5.8808523378
-4.8307427637	-4.0383832537
-2.8491004391	-10.5160741248
-9.0738761121	-1.6795418023
-7.2866487594	-6.2987857361
-6.3971957596	1.6776100348
-7.0165759628	0.5613694224
-8.7538605889	-2.6855223353
-6.0665139104	-4.041100729
-9.2222891713	-9.4937241204
-2.6363786767	-9.7995811707
-7.6063971894	-9.9045232674
-3.9247907299	-5.3050586635
-8.0645094402	-4.4838907549
-3.373057656	-4.7863140004
-2.4969421732	0.3377748251
-4.4550292522	-6.0462699492
-9.5904856684	-0.9511307002
-9.4351976462	-3.4483979272
-7.228732554	-7.4972919985
-6.3358510087	-3.4044755386
-10.0272045943	-9.2314539315
-4.1486154699	-8.1242400708
-4.5526737084	-11.1298766608
-5.9658144378	-14.3726270144
-4.2744471238	-5.5706008583
-7.4796121676	-4.4022640961
-4.0187852094	-7.1676369534
-6.3160178045	2.6113763433
-7.9487587319	-2.2249079729
-5.0944457137	-5.1310370887
-8.8906575564	-9.6739002058
-2.7424540856	-3.3288258333
-7.1395286597	-5.5210494156
-7.4178515568	-10.4043177578
-8.6249502267	-7.7424843241
-3.5602726323	-7.8925244728
-7.4703158106	-2.2805157879
-7.3969271079	-7.8479664655
-4.486249222	0.3583007242
-6.7378161001	-4.5054071537
-8.2506324891	-17.5900358072
-5.5600067681	-15.686106536
-6.3226536883	-6.9953770734
-4.8537117198	-6.1075834342
-7.1996085355	-1.237257413
-6.1799250418	0.6302645017
-5.5378971421	-4.6005891561
-8.6160063543	-6.9438029218
-8.3473500484	-5.7140056152
-6.5146388193	-4.098750381
-6.2208953538	-3.5912831811
-6.3383704749	-9.5395580896
-6.2610225061	-1.5243279259
-6.7415165076	-1.8855803021
-5.3846348169	1.3733343968
-10.171424852	-4.8282898938
-5.8517528128	3.5039922894
-6.222714906	-11.0811729854
-4.5686292502	-2.1124306097
-2.9294127001	-10.0375141291
-4.441282858	-4.9477086373
-7.0826076691	-6.1010026917
-5.5639165906	-7.4512071701
-5.4956410073	-9.7356140321
-7.3215296937	-11.2732687568
-2.3820078978	-4.3469566329
-1.5191086955	5.5364654652
-4.4501155437	-4.9469376273
-9.2291690651	-9.0826568931
-7.0687357487	-12.0913044964
-8.0049704236	-3.6439994744
-4.6068290581	-5.0901956475
-6.3554929742	1.0542947801
-6.4431971867	-7.0539766171
-8.4716947419	-10.8262113623
-6.9218774194	-5.0583225526
-3.9431880791	-1.5688668347
-8.0639908983	1.9474558378
-8.80117973	-7.5478664116
-4.4137669293	-4.4860455398
-10.2449924553	-2.385710616
-6.7899234082	-6.661272851
-4.0930081865	-9.1543414491
-6.3053118721	-8.3590930832
-10.3686074941	-7.6250983016
-5.8526375784	-7.0928048043
-4.045414063	-1.5382922967
-8.9962320891	-14.256238914
-6.7296810396	-6.5041280036
-4.3366981444	-9.3907387178
-3.1779027253	-7.2491079054
-6.0879906162	-7.9815225499
-4.3950501749	-7.7509776947
-6.1581829237	0.8830667177
-5.5665737026	-7.1798734333
-3.1711915625	-7.0630607126
-5.7077276089	-12.6021965442
-5.0099016985	-9.3368034955
-5.8666172793	-12.087845082
-5.6992993482	-11.1007219052
-4.5324573408	-12.4168781363
-1.7465000194	-8.7249045037
-6.0029882486	-10.1031370127
-8.4499524655	-9.0027003533
-5.2777588972	-3.6782763103
-8.0572854904	0.3009911921
-6.2710073966	-6.9610919452
-3.6247046438	4.1973926243
-7.1900267645	-4.5167480396
-6.0707832039	-3.8102959858
-7.2346761243	-3.9437558435
-7.0767467292	-11.8488973411
-7.4090955721	-7.8516937722
-6.5193812854	-3.6957066452
-5.1150938355	-6.0894195865
-6.1047100736	-5.7660703284
-8.0805476503	-11.2646789483
-4.6464363678	-12.6921322816
-3.6335460797	-11.0181386417
-9.9974273337	-6.431995892
-5.6370118328	-6.3034372402
0.2401781334	-7.4610010191
-5.4975796351	1.8349043952
-6.0106013552	-2.2462140761
-10.9898040842	-6.1876190903
-4.6442443608	-8.2394876452
-8.2912448925	-14.906283135
-3.1849273544	-6.7683331916
-6.0574407244	-5.3207686839
-4.4482673788	-8.5942269865
-4.0283805831	-8.0717000281
-7.5522999396	-7.8293172711
-8.7687849376	-7.1234495252
-3.0155682546	-13.1552394123
-6.4866549928	-5.498896496
-8.4970619846	-2.0903647906
-9.9754762528	-2.1061450661
-4.0559743877	-2.0024203325
-6.5498510711	1.2063790892
-6.3133629157	-1.4989378391
-9.6044043754	-7.2706577655
-2.0697858405	-2.2799640786
-6.1395501783	-12.1085913652
-8.8364479548	0.3599359455
-2.7135284526	-6.253272511
-7.3671862091	-7.5242448749
-5.7618472576	-0.2447285115
-6.6972931237	-12.1856506929
-6.4654924376	-7.970479116
-6.0384938136	-2.1313293845
-7.7059217848	-4.0355141584
-1.3249094475	-8.4053452662
-6.0832926802	-5.1090087429
-4.0197119357	1.2702506327
-2.6847553616	-0.4382457525
-8.9198057192	-3.7241961733
-8.3360623305	-15.4771013809
-3.7794746536	-9.4078406701
-8.0136136122	-9.3246432853
-4.8599048614	-1.7119095415
-6.0653854235	-13.6551115891
-6.2550265034	-9.9968124784
-6.3693283643	-6.3932300207
-4.5259455598	-7.6004036078
-4.948022559	-9.3097023655
-3.8305945838	-3.5093933823
-7.7785092629	-5.6746014177
-7.5072371358	1.4707417682
-7.2947799687	-8.0540199963
-7.8815453114	-3.9540337169
-5.0180478968	-4.4177969351
-8.1662059556	-8.12757396
-5.8570235185	-9.4977517343
-7.0457669988	-5.9369250666
-4.5946973849	-10.221942839
-6.1275059004	-9.1116466554
-7.1792787896	-7.0133630918
-5.6547731777	-7.1247115157
-3.2980271621	-1.0649378605
-3.3311298952	-4.876183728
-5.4522306267	-5.9301114248
-7.040198907	-4.5806388132
-7.8210711129	-8.7282665919
-8.4130595436	-8.0659063014
-1.7614336959	-6.7959616885
-4.6422710105	-11.487205168
-9.1379195809	-8.3204133189
-5.2854019454	-9.0377238361
-2.3978483514	-3.1255778866
-1.7722135248	-11.1403540525
-4.1398149873	-4.1394814982
-5.1039433888	0.8372323182
-7.9497466916	-6.0164496846
-1.7650213236	-3.2646441882
-4.442094615	-15.3164718153
-2.8507223981	-3.739529103
-3.6031745608	-0.5517531884
-3.7598928878	-6.006632902
-3.9490359892	-1.1724641108
-1.9507853862	-9.3975282088
-7.2759914966	-5.9816406385
-3.8334612984	-3.3142580659
-8.6035712078	-0.9534031666
-4.1423298857	-7.4212240748
-3.5121245068	-11.1202452385
-6.8602826085	-7.1754506523
-5.2374115499	-12.4424652248
-5.8701271095	-1.9182437305
-7.8311446624	-10.4526815777
-8.4083414423	-10.3496541747
-2.5269381324	-10.3109602621
-3.9325811129	-7.0152845716
-6.0150982323	-4.3375770996
-8.0849323249	-5.8386725717
-3.4422248243	-11.4783538514
-6.5188372509	-5.4875084727
-8.6162557146	-9.1055854346
-4.1581627014	-0.1728583281
-5.442544104	-6.9665883406
-4.6118285956	-1.2883071242
-5.4951695978	-11.9960414886
-2.7190449849	-6.6161141572
-8.2540188718	-2.2575606424
-5.5882915512	-14.4105987657
-3.189433811	-14.3446042627
-6.496581526	-4.1529105168
-6.3646033361	-5.3335010709
-2.9669190411	-9.6693469169
-5.0907781606	-10.4817124007
-5.8959511289	-5.1237473299
-7.0305835285	-1.9511181085
-3.9326283287	-0.2260842073
-3.9737276745	-7.6876557533
-9.3501605853	-4.4685371974
-4.0739017108	-4.4346550145
-7.7730030088	-2.1800258544
-5.0307358905	-4.8487194401
-6.7157881666	-3.666011482
-4.1707929572	-9.7697390898
-6.8003108041	-6.6106117423
-7.284649532	-14.3119150898
-5.5524670095	-6.0034263988
-6.6337359192	5.8338578474
-7.5285503356	-3.6426582492
-6.1491123926	-2.9597143881
-5.8514882515	0.6482552501
-7.3303694885	-9.5949933181
-9.5288430002	-5.5787972276
-3.6214058946	1.0555214175
-7.2273644769	-1.1264823362
-6.8411359022	-3.528833097
-10.1995468891	-8.0519459164
-2.0208093718	-3.5219907925
-9.8063875076	-2.3477996071
-3.3539966148	-1.9839955917
-6.6392448563	-5.9975236833
-6.7352631125	-8.8483426031
-11.2301754697	-9.8086051938
-6.8707718932	-7.9558699333
-8.8394755689	-8.2061625323
-5.3730816913	-7.774507088
-7.2441947773	-2.5239696569
-5.8836344785	-6.333099224
-5.7970966337	-4.5005074009
-8.0530535888	-5.28072629
-7.9739911345	-10.3678998392
-5.4126991818	-5.9396997605
-5.4282045616	-3.6795201527
-4.5933942276	-8.4716572866
-4.5168043054	-6.5698333187
-6.8754058298	1.3248108536
-4.5209576767	-12.3866372539
-7.4933730065	-7.1942352247
-7.0425756472	-0.7889105633
-4.6897398207	-0.4328490673
-4.3829384824	-2.2463246266
-4.4626173867	-6.7741101059
-7.7800824268	-4.4359320006
-6.6417738273	-5.7618824523
-8.173931558	-3.3335774272
-4.8398181734	-2.1326453753
-1.9977992375	-4.6410673632
-4.0665174641	-11.5115744231
-8.1780980722	-10.2057424382
-6.7284672633	-6.5669655345
-2.1177730064	0.2546620067
-6.8357127142	1.9093299245
-6.4179636696	-11.9811801077
-5.8917463733	-13.2942277003
-7.2735542219	-1.4114492867
-5.7907937803	0.3278168966
-6.2988851578	-4.4093861558
-7.22330877	-7.8723193638
-8.3038950607	-4.5897662205
-5.9760406139	-1.2515943786
-4.7449261211	-11.3024413711
-5.4703850382	-1.2630078162
-7.5156134219	-9.4597759314
-7.8530377306	-9.8453747874
-7.4267170218	-9.0996204704
-2.9007451826	-3.7559841308
-3.8082421095	-7.1303754719
-1.1242546102	-6.5266734337
-2.2833554521	-3.4875682974
-6.0025580007	-5.8180373111
-3.8991774488	-8.9585022102
-4.262350492	-10.6613153298
-7.0697630323	-8.6987782679
-7.6244961536	-11.0009559629
-4.3482431941	-11.3272117979
-7.9626927737	-0.1654457501
-3.9287136983	-4.9084499507
-3.9089579142	-4.6474433737
-2.9279921344	-9.4027489346
-3.9507346455	-4.1720305882
-9.4630150913	-9.7901436581
-6.399564031	-9.468634434
-6.370925293	-9.2091673088
-7.2463885158	-7.1752974344
-0.5184165781	-1.5703266229
-5.1827421004	-0.9689135806
-5.1098297059	-12.6894686317
-5.8006514593	-14.4916660112
-4.7513554726	-8.3210346996
-2.1704880521	-9.5180772757
-5.9851384819	1.5519965687
-7.7099997516	-4.0827341547
-8.407700749	-9.0673436252
-7.9370797766	-14.2933296176
-3.5840345139	-5.375994629
-3.9887259111	-15.5171710223
-5.27277264	-4.2583093821
-7.2813959038	1.9031378915
-3.7010357947	-8.312696914
-7.3486122905	-3.3949759458
-4.7853310317	-8.7553838931
-5.4979646257	-5.7628167018
-2.131816121	-1.7688953007
-7.2386353353	-0.4708248015
-3.8833291801	1.1209607587
-5.5832542727	2.711600243
-2.5989569917	-5.8594487075
-9.3619156675	-4.2596986695
-8.1395371622	-3.4969252245
-8.2261906802	-19.9341594151
-3.6968421553	1.1953337734
-4.0755799876	-4.8076834907
-3.3092326972	-11.5543355359
-4.6417428722	-4.6545128557
-5.9568704588	-6.311033203
-7.1339120138	-5.504626819
-7.908833058	-4.413607795
-6.2394832178	-0.600732183
-11.47069055	-10.4543754411
-7.597267152	-5.1012833881
-2.59726874	-12.9172366512
-4.8575200141	-6.9170934807
-4.516718721	-8.7199484429
-3.2675447705	-8.6012181088
-3.4351840848	-10.0946899581
-5.0635047158	-11.6043003841
-6.1208904354	-4.4347151575
-5.3018220384	-4.561885533
-6.1404029485	-5.5928806901
-8.0709578301	-3.8594599818
-6.6574989145	-7.2466321397
-6.205755819	-6.8917736279
-4.3837139812	-4.8705922976
-4.6441950593	-8.8316454392
-6.0227281386	-8.6961614996
-6.9012710468	-5.2697624932
-3.3533847278	-6.5592924979
-5.045222159	-3.3070789739
-5.5034322806	2.0966812266
-5.272370546	-1.2426052927
-4.0410409454	-0.5689367814
-7.9125968594	-8.0372961275
-6.1869404718	-8.7118916398
-4.8518541417	-9.8524325165
-8.2062220322	-9.0912404873
-4.6938847619	-14.623550077
-2.9537216158	-2.7865089297
-7.1762896909	-10.1586111267
-7.0224847855	-8.5363836743
-4.2592152691	-4.2729372436
-9.1083973051	-0.0612389322
-8.480014229	-14.5339574087
-5.5158934113	-4.7947103786
-6.2250177019	-14.1456501033
-5.1534144369	-3.9685470881
-7.1607918446	-1.9125070052
-3.6901377779	-7.2951276317
-8.0611468475	-3.346944732
-6.741190346	-7.6358482455
-3.0912700054	-2.4931821278
-7.6420468202	-4.7544462541
-5.0178627555	-2.8117697118
-5.7522105802	-6.6166609397
-4.5788345505	1.2996189768
-2.2219286261	-8.8260473546
-5.5844891744	-10.1609787296
-6.6168680192	-8.5511147935
-7.7187781272	-11.1481419226
-6.7826984715	1.0148037731
-2.3210476587	-3.2263573425
-4.4283608982	-11.7428221275
-5.0573398962	-8.8774810281
-5.5957577839	-5.8117837375
-4.5517139753	-7.4065563343
-8.5184531904	-9.0516220465
-4.4372233812	-0.7414374272
-3.6251756578	-2.6942823357
-8.3854058961	-4.8604155796
-4.5779760827	-12.8870631542
-6.3347515377	-8.675681569
-4.7234263177	1.2592265234
-7.5698181228	-6.0435033708
-6.7528520137	-4.5184312535
-4.7935542869	-5.9288088643
-7.0130567668	-10.223390102
-2.3175575898	-8.5972512945
-9.0916163874	-15.5293883326
-3.1028850297	1.3398672844
-8.1350168261	-9.8334255402
-5.6024639583	-7.7063212472
-3.6762925327	-5.1770313002
-4.5857193832	-4.2173217178
-7.9457265171	-5.8202557293
-4.5557213954	-6.5360217605
-7.6490352265	-6.2184114807
-7.301946969	-10.5233974822
-6.934709253	-12.3084303044
-6.277157142	-2.5406499698
-4.6411377645	-9.057255366
-7.8308133407	-6.3714069637
-8.822106933	-4.0475402567
-8.0024103281	-6.4308148854
-8.0586753989	2.7734048951
-5.7634555472	-6.5114466026
-4.7317752089	-3.5160268001
-4.6691766767	-11.0876141309
-2.9889272574	-3.7595726925
-9.6341266293	-8.8471946749
-6.0478372149	-7.3028685983
-8.7047610711	-8.7042020037
-7.648829101	-1.9952504432
-2.6091952383	-3.0093908279
-5.3458709918	-6.252299026
-4.5779037378	-5.365468585
-5.2636547739	-6.2031217816
-7.753288948	-6.9086439152
-4.0027694523	-8.2600483845
-6.6188765584	-9.2221150045
-6.4651340025	-6.9767786994
-4.3068768743	-0.0048065874
-8.4827400189	-7.0650600039
-6.0471655414	-9.5911632729
-7.0341655837	-14.5128797263
-5.4786587132	-5.4036412618
-5.9476018805	-4.5141372951
-3.6445242976	-10.8021413309
-7.8686655872	-4.6643016829
-7.0866108091	-2.2416747179
-7.7467516692	-4.7493748027
-6.1941064697	-1.3918480522
0.2623856819	-9.1674708993
-3.4838591526	-3.7401345451
-2.2819188017	-12.8512815976
-3.7863920336	-5.3137132836
-4.4484354016	-15.2726525053
-6.1929355999	-4.3670893268
-6.5398525156	-5.6667527756
-4.2279606239	-3.3990089965
-8.6147527951	-5.4503378881
-6.9450352355	-10.038556936
-3.0739945364	-5.3264907802
-4.7556189339	-6.8054716833
-5.5510023506	-11.4811602451
-7.9994077872	-6.6947195256
-6.3447269006	-7.2529896567
-4.4469887371	-9.6723194023
-6.7921259967	-3.6022818119
-6.894466827	-2.1230855061
-7.2053582861	-12.1653766499
-6.4100356054	-6.4201620573
-4.1715386134	4.2734345263
-4.7239350701	-4.8795148318
-5.3590021417	-11.7086490989
-7.1669513928	-7.2295123719
-4.3326267951	-3.5937059361
-5.1644963065	-13.532082162
-6.0116781451	-0.2626787899
-5.1039865031	-4.0457089491
-6.0552032068	-2.7144237441
-8.7339845915	-5.3439000286
-9.9328115114	-4.2241868482
-7.0174254363	-0.3967337406
-3.8720452115	-9.9947701085
-6.7811667506	-10.282980838
-6.6534733356	-2.6489550334
-5.5842498701	-6.6125052332
-6.8365983808	-11.6589165275
-5.6805579375	-8.1714271282
-2.2916163319	-9.0604973029
-4.0868394421	-15.6326975466
-4.9025252184	-12.3088707662
-7.6582059762	-1.7575269922
-6.0016157436	-3.8405268098
-4.7732967059	-8.0998079358
-9.2664521553	-0.6016147381
-9.8342930546	-4.1815571129
-3.9963528679	-3.1208248973
-4.9986747195	-1.4872038294
-7.8656757968	-1.3991646809
-4.2615680894	-5.6802834151
-3.7121197225	-8.915068382
-7.8098556928	-6.0326601769
-4.8688101316	-8.2625502336
-4.6259300358	-3.9560276447
-6.1661726924	-7.9945891411
-5.8760934367	-3.566542819
-3.9628330213	-3.1766769483
-8.4996899785	-5.9675543204
-9.8980809136	-2.6900050148
-9.3219088577	-3.5123747055
-8.3271417526	-7.6565389449
-7.678528885	-5.9695618971
-7.7204871886	-12.7100511379
-5.200861553	-7.6243892793
-4.5070515598	-3.3882687573
-4.467324028	-3.443932445
-3.6957946206	6.5854261733
-6.7008701931	-7.3755746084
-3.3497762468	-4.8655512831
-7.3267065273	1.1888011435
-5.0314082807	-12.7219762989
-4.3163684082	-8.9065887206
-9.2111303651	-0.7327640978
-3.5913385752	1.7862818608
-2.7379090292	-4.9923960534
-8.5105902924	-1.5176183087
-6.1092172465	-2.1553812623
-3.3516642327	-3.6020612862
-3.4335105856	-6.4097482628
-5.6142059535	-2.2538517309
-5.9977144318	-3.571648562
-6.3337117482	-7.4085912903
-3.5678302013	-8.3694501164
-3.7363725947	-6.4461155286
-3.8098251096	-4.7728631967
-6.0928898075	-5.2872306969
-6.8123728547	-8.4170194579
-6.7430251997	-4.7901760215
-8.0482823627	-10.9401667283
-4.8291915985	-8.8744297247
-2.8662472794	0.4180799479
-7.0179307999	-3.8828602583
-3.7099514632	-13.6936439332
-7.2357178798	-7.1340056418
-7.0652000594	-13.279532586
-8.3229485507	-0.5632202605
-6.8763833975	-2.5834435374
-8.3749026125	0.0542327329
-2.7883425302	-7.4015129354
-3.8401451516	-0.9835973007
-6.2225423296	-7.9918550164
-7.1773626346	-1.9723667822
-5.6038914959	-4.6664676486
-4.9898549287	-7.0381897206
-5.3701893948	-6.4982617223
-3.7668166742	-4.967112962
-5.3197898964	-6.7094366245
-6.9053624357	-9.343359208
-6.5479930116	-4.5790773099
-2.4274419946	-4.0010151285
-2.8637331799	-5.4208822895
-8.5957616155	-6.831034035
-1.6613587558	-4.1161255935
-5.880836085	-8.1054399811
-5.7252294122	-1.8714553399
-6.6314538431	-10.3756643137
-6.6465814631	-6.9045357389
-5.344843786	-7.4452640022
-3.4275821239	-5.9573590688
-6.8219227634	-7.8116556244
-5.7725701811	-10.0001989554
-4.6625340895	-7.6028016108
-6.5423126198	-4.4358344197
-8.2067726641	-2.9705750998
-6.612550087	-9.0775091974
-5.4352754804	-7.7377027376
-6.6990748327	-8.4453453305
-6.7921411719	-8.9892824348
-3.0310154628	-15.5564364486
-7.8295017764	-10.6372896908
-5.731775204	-8.8389727201
-2.2164251337	-2.3439230627
-7.6853420503	-6.7274090588
-5.683162619	0.3042411702
-4.7761482362	-0.356340275
-6.795915729	-7.6452675859
-8.3764564613	-2.5832572017
-6.843702087	-0.3874993154
-6.0974634252	-3.0753662223
-6.9705275741	-9.666558897
-6.7695748592	-4.7870088975
-8.5593174098	-3.5576313716
-5.1079334445	1.0904814048
-4.8302090489	-1.6167008328
-7.9585199398	-2.2322706806
-5.3673956282	-4.7990595954
-7.2166797349	-8.6689210893
-7.3732551349	0.8843150843
-4.6270217214	-7.416721011
-8.5198781518	-10.4393018077
-4.1452433752	-3.1182272115
-5.2689050056	-12.9078924829
-9.0146295528	-1.6818109976
-7.5260127046	-5.9545107886
-3.1645394609	-3.7648847958
-5.9366268018	-6.88964455
-2.1940714034	-1.6644261903
-6.1012330513	-5.5914030035
-7.6724251313	-2.9285268483
-6.5277801151	-10.8393112014
-7.6832254442	-7.6332402682
-8.4001356603	-11.8408354294
-5.0793111722	-6.5927815552
-4.9750619905	-3.6121661105
-3.5750052029	-10.2723868012
-11.3121657489	-8.5289682648
-4.9664922963	-6.0184379913
-6.3192291493	-1.8291287568
-4.6747286034	-3.4681880457
-6.2165845929	-3.3255334037
-7.4873821372	-13.1647714225
-9.2033620053	-4.4774357275
-7.2682549089	0.9848230057
-7.4480941132	-4.8506504665
-9.1216125941	-5.855503688
-5.6540399883	-4.8547724047
-4.901664246	-6.154126491
-7.2714926826	-2.6399359698
-5.3282934596	-11.2414887623
-7.862047125	-11.2095585841
-5.0169943047	-7.4173093899
-1.6778222337	0.6464572464
-4.9990442928	-4.8553766994
-7.1593506456	-4.4837231991
9.2032686771	6.0400350336
10.7790420013	3.1222384404
12.9776114679	8.711322426
17.4125620033	7.1456101255
6.1947438379	4.7180662546
4.4424066812	1.049204543
6.7196609445	8.1010976646
6.4847043126	5.8684223724
8.3690392398	3.0097417602
8.2582108727	5.0595364787
8.0253401066	5.7077510025
4.379314862	3.6205341672
6.1079510777	4.8484517336
6.6128714198	4.0863115803
7.9987006454	3.635595079
8.0116925874	8.9254330658
7.8433069748	4.1323919662
15.871241708	2.8914978657
2.3329918936	3.7812459614
-0.2924767836	4.3418639308
7.6664877375	5.1871531261
8.0763709957	2.4232314366
20.8588452014	3.6848369137
6.5379671313	4.3697008452
5.8080251784	2.7684971836
11.2470558897	1.9140354016
5.6019177254	3.2682455035
15.1248443622	1.3149491074
3.8202706163	2.73396124
11.0416642254	6.4883715489
4.5425789343	4.5939649506
7.4230068984	4.6838624639
11.1495325797	3.2697784036
8.1064713314	3.0896927772
-0.1062455187	3.66786381
9.1497484719	7.9387403294
3.0803377988	2.1065697996
5.7181593541	5.900027758
7.0829992082	6.90496828
13.4599628316	1.9656831294
14.5648262287	3.1138069053
7.5554215473	4.7655336537
1.3123225548	2.9645104782
4.9277739509	5.3079539146
7.1442362614	7.5031446223
6.1100919029	5.1742996266
13.8266500476	2.2774549883
8.879737905	5.5141349045
15.5048489318	2.8146831226
4.4030442106	6.4101081847
10.7850631476	2.3105721314
13.4658800726	3.8650436936
8.5251067048	2.3682875337
10.5308106732	5.4162887883
7.4745255519	3.5600268108
10.2158480319	5.7222113497
16.131750338	5.8750226332
14.4475055469	5.49199656
4.6206672691	9.8367612599
5.1950068417	4.5224723078
8.2967844004	9.3251568191
5.64215386	2.4247628134
6.6658669788	2.4795214303
2.4770612115	4.5108747266
14.6874272791	4.3625560613
5.1489112207	3.3105694169
3.6221766684	4.5444946998
1.9982357032	0.808439334
7.842604577	4.1620063918
6.7762843619	1.5233683703
8.3570433727	1.5036585642
7.710133612	3.8357212295
11.3883123827	2.1109210867
5.1711692949	6.4192903088
2.877379942	6.073538198
8.0114358875	3.0691594055
12.2708471445	3.0860330804
7.1715019428	4.7953104904
7.8910521172	1.7274258716
12.5410060452	7.8561284348
11.1834989384	4.6348058701
8.73647489	5.6634701938
2.5028067279	4.8476843034
12.6650178912	5.5058251641
6.7000019331	5.2540350737
8.5989875036	5.8951453084
6.7717110093	4.1449248691
11.9311984851	3.1736927014
7.7472360239	5.205257913
5.5884677428	3.8236084818
2.0184895178	5.6389798177
8.2150901156	1.9581417114
6.6717525249	2.338701098
0.0245353279	4.6306849197
7.485953018	3.6847278576
12.7540316777	5.2177638666
11.3949410755	4.8702549335
0.8863036227	6.5544297436
8.7931432545	6.0552988289
11.6976229471	3.0036472136
12.2575481272	6.0622924912
5.4315481783	5.1148663525
15.9587185464	2.1627290128
9.1933042369	1.1378849453
-3.7260243177	4.6452462474
15.5479189636	0.7059120123
10.6593113007	3.469164155
9.5343505151	4.4738402362
10.9736381034	4.1767995622
6.7232376713	3.9133237388
7.6206466562	3.2400951737
14.3017814331	1.3379361426
5.1295213763	2.8140541148
5.5948683262	2.1816582046
4.1845771902	1.6638066168
5.1924913299	2.2453139403
12.3210120599	3.7885048074
4.5326127181	5.1156278307
8.834340819	2.8348643825
12.2294242224	1.4432595169
12.8442083158	8.875864595
12.1586249725	3.6282345408
5.2091255591	6.2246881737
11.6681396169	2.0860074841
8.7552678527	-1.9492285186
18.0508794621	1.792870214
3.8726770983	3.3655555886
4.1184128478	2.3257938545
3.4257525764	3.9878589159
14.0537149683	3.5007566241
3.3102222638	2.6940713758
5.2274088606	1.6564528224
8.0873102398	6.3919562178
10.9191529182	5.8269649782
7.9344769527	1.4048766075
8.1969813422	8.0480259754
5.7726289173	2.6585447314
6.570838597	2.4920535725
10.7536114165	3.3686081789
7.2711935883	5.2066384481
8.5267094132	3.0072651499
1.4422889756	6.5502551206
9.6655557628	8.2783549257
3.509170832	2.5944139884
4.6162153045	3.3957393499
11.2372396245	4.9663739506
3.3225264625	6.8639995793
13.9844641731	5.5257579647
5.419947483	4.4745922046
7.0466658846	2.6722445683
8.6742342541	3.0226612025
3.1163626432	3.9369095781
2.0434136072	3.9659461046
14.8435005727	8.8243950425
4.5366906571	5.8443418183
10.4044167861	3.2779024422
13.0452188984	7.5947111818
7.6341036268	1.7615238988
3.3335673259	4.6805035411
12.8943539893	5.2142188453
7.8127319007	4.6731415605
10.6746849849	2.715024972
5.0639915009	8.1499881035
11.0269497634	2.6007232355
5.0099421769	3.4285868886
2.9946679338	3.2614728955
3.7825914761	5.1297578697
12.1509861507	2.0478584077
4.3333342669	5.8969435461
14.1634593336	2.9683602577
11.4412398426	3.918690267
2.6826982215	7.0950051666
13.1737155829	4.6285828643
6.8177300051	6.746037275
3.3312915505	6.4313665862
10.0390737372	1.8082160518
8.9831881835	3.8220965071
13.9127398209	9.6541354708
12.1757012512	4.156577114
9.2511332894	3.5181803382
3.9313355512	0.7422970885
12.3980567559	6.0932220523
4.97400389	6.6011193179
4.3816860169	4.4890645942
5.4957451206	5.6624054992
3.7091717837	4.1787354833
5.9878544121	5.3457539952
12.9188752421	4.1781413037
2.9740968537	8.5629778809
5.7719504815	9.6702841653
5.3330908616	5.0991533081
8.1604759808	1.8970407455
7.8637951355	5.5218526552
3.2553675861	4.7551072881
10.9019159956	1.3984714112
6.4249747587	7.3505989001
2.5961533866	3.2110777052
5.4579543395	4.4758258725
14.0052561247	3.7121033605
9.4733096101	8.1197041164
9.2646917523	3.2687806174
9.7320383501	3.5316653392
13.7967903109	6.2997466497
11.6402977997	4.3043099237
2.1560059767	6.9525443642
7.6977362387	3.2990039778
1.5290771433	2.16314419
9.8285966775	4.674682256
6.0474294321	6.2928877248
4.432811104	2.3918207561
12.6793212569	1.6138536674
6.2880056442	3.4614836439
5.8122350987	4.0470969279
9.4010676261	5.3939306501
3.5745482647	6.9687989286
3.8309474837	4.9738466532
11.7012892867	1.4502834228
-0.6670046213	5.4332962028
6.3766258506	0.7328271554
11.5431898703	1.2269909043
4.2297791588	2.3099230709
6.771620401	5.0893146905
13.0169260043	5.5768018066
9.4296429645	7.2615522698
12.0477084675	4.328064902
9.3355994582	-0.1627458927
-2.6267990908	2.1506235092
11.9664143097	4.9702449183
7.294722087	4.4957921355
15.0252517373	1.7487385619
8.6013242229	2.7208143021
1.2175414841	2.9277417265
8.5253190686	6.4833211463
1.9781169271	1.906057579
12.6802660318	6.155375854
12.677384474	4.6106098877
10.6235422483	3.9848814273
11.1559014241	6.7067118273
9.249371645	3.8683508478
9.0699138814	5.6402824953
5.5424449628	2.7650488518
10.3673044852	8.3704682944
3.9176913228	1.1207465972
9.3011949438	4.7351947582
3.9328419778	1.6523742113
10.2501279082	5.183519788
10.0321767134	5.0766905808
11.0119842803	3.4487914147
4.9796661396	4.7829266309
7.6084056853	2.364229639
7.2493466912	5.7710284111
8.6703017634	3.7594094334
6.0313018617	4.9177817498
5.1521305939	1.7371013838
2.2841406712	6.617584006
1.395777015	0.3705930549
5.9592726511	1.5323758411
4.8389603104	6.5553644923
2.5832389825	0.7281216602
11.3832962239	4.1784008803
2.2569783883	3.7547281221
10.605730395	5.5954720449
5.7437664902	5.2914092209
7.1054073256	2.039684367
3.3725863451	4.5283283064
10.0645639771	9.0590719227
0.652225047	4.2508788782
12.9493964172	4.3504958967
14.2457021687	2.5870289523
17.5339565565	4.525346252
8.7195211469	3.8619022592
15.2274005473	2.4078054545
7.7186963179	2.858582332
5.3648970936	5.5782049771
10.4947520164	3.9668190509
10.4588785689	3.5024106631
-1.0389832879	1.8295585138
7.4095022546	5.5285932058
8.6508941032	4.1628853248
8.2884162655	2.1615264212
12.0121733413	3.8465369216
-0.1483819955	2.8652098959
6.3641607087	3.2466056449
10.4753914223	4.6256176059
3.3478236955	8.4086417918
9.8135113082	4.1092087807
6.484510233	3.2358891664
7.6031523089	4.6110911812
9.4703653856	4.4276829846
12.6101559706	2.8509296949
-3.8571345288	1.2904237662
1.8909049714	4.2498665817
8.663077909	5.2937869422
9.7491822898	6.8685290509
4.203334623	2.8492776429
4.1626265002	4.90802777
12.7490141379	5.3492426128
10.4829630075	4.4258139491
5.637322694	7.2523828731
14.2838472264	1.5987062688
2.6769662094	5.7598870862
6.1166894276	2.4391472224
3.7170930218	5.9437320996
4.5021653693	8.5842603472
4.904328748	7.5009494436
8.7998629481	4.5935973715
12.7471236353	5.2186649172
12.0354794997	-0.3565409698
3.3098115082	5.2456709112
5.4797395666	5.1485354754
7.0079924055	5.5354193426
5.518147705	4.8616934026
5.0232566835	5.2215511702
10.089846178	5.6928309983
9.0475140669	5.0336233022
4.9120252492	5.3456450745
14.1373232713	5.4316365961
11.4741537351	6.4620132657
12.0803742193	3.1487902391
10.5074761525	3.5478435241
5.989630774	2.8648977206
8.057138952	1.6247541311
9.6562733616	4.3040555169
8.131265563	8.6661946323
4.3246682934	1.2344477116
-0.5078444618	4.1049133577
6.4029709296	4.6023450798
7.6319420214	4.5634502853
11.2761539641	0.93835452
9.4511510185	2.6350790304
5.933495236	5.0109547657
7.5242184686	4.2159638622
1.0794844288	4.0340277273
8.6660920451	3.0553131071
3.9802141118	4.2944549166
8.1240217408	4.3640865675
5.4737200206	9.380906351
11.8093801953	4.9951300966
7.7747477518	0.1122564444
7.3075662304	6.1437328157
8.2632764558	0.9896538029
5.7259783678	2.6403097598
6.2575984153	2.2309720585
11.7280535426	3.1177031349
7.4280095159	4.9715516518
10.0058974629	4.010851592
7.4646825218	2.8256663843
7.372247433	5.7361313348
9.867340883	5.0985570665
4.7049453364	3.5058995513
7.4598893254	4.7238723897
8.6954999313	5.2986997326
6.5268594804	1.6950086945
13.146777188	1.6545427594
7.0727766583	3.1798638979
5.2754768581	4.817445164
10.2817228491	2.2797704608
4.9765263214	6.478796785
0.3385210384	6.0745444709
7.7674854017	5.0269358236
9.758938462	1.5019031465
9.5817708411	3.6185865243
9.3396642228	-0.2001904104
8.4699110207	1.7681837094
8.6438615799	5.0890520049
4.8896488858	0.8187492954
7.660638989	1.8754542251
5.8777588331	2.7676680441
0.2168100734	0.8126710277
3.9919147694	1.3598796749
7.4382832326	5.6319058719
5.3179223136	5.4228243684
3.2356460738	4.4848933621
6.6098312614	1.7659542154
12.6288159491	4.7134944437
8.3542185174	6.7519705571
9.1655919689	4.5549848241
9.9060322619	-0.169292708
11.3233549715	1.2029417539
9.3080161271	6.381877917
10.5515576591	0.3857551053
3.8994895608	6.9000125113
16.8407102421	7.8394469495
3.6827487702	5.6619242347
5.8762017438	4.8199359802
3.988022814	5.325796568
3.1395456049	2.1007402034
9.7969769043	-0.0628001772
5.5177335677	11.4482557954
10.0863074243	2.3083633646
4.210491585	7.3152864589
8.8102453217	2.978402839
2.5857585149	3.4943457823
7.0727704336	5.4233909776
11.2481153954	3.0365363238
5.0296273581	1.8713791652
16.3742206405	4.0277976344
12.7732886292	4.7444451973
9.2439101715	4.7277364189
7.2266169257	0.9778670279
6.6815275691	4.1306709166
7.8383282808	5.067665171
7.8873138151	4.2975208778
3.8967487012	6.3374928445
3.2546113094	7.9124644221
3.3113304856	3.677090869
3.1513383398	5.4689533061
11.4465946109	3.2428976798
7.1137268781	4.7611240912
8.7742327547	3.9260617214
14.1189020207	7.1319676456
12.5101410646	0.8218925089
8.9508937453	4.1421956786
10.4253020628	3.3167976889
8.9378380079	7.2184252297
13.123919965	3.0955453969
4.6633491231	4.8550437765
-3.1780485885	1.4581856388
1.224752696	3.7442022169
7.4185370494	5.7667475621
1.1314553059	-0.3295522898
4.4936458431	6.168852298
7.8252445275	1.4221135569
17.1738251529	4.6559479018
6.7462458965	3.6188161734
5.4828040322	0.7837494821
2.9462642307	1.3818697234
12.5944773904	3.6324928463
9.4835380889	4.0377855197
4.1282490647	9.5787728241
12.4635154516	4.3117598579
4.9213524683	7.0437856821
5.9931111106	4.5113411857
7.3364255634	2.3820182774
10.8345487268	6.0932178994
8.5064416756	1.7585183387
6.8534696006	5.5659639042
7.3907701145	8.5473958907
8.540222088	4.209826339
6.7764588701	2.9765069434
10.379994756	4.875233043
5.063285995	7.1856993305
3.1088785471	9.4097429126
11.028454447	3.6570106015
16.8918437815	-1.1890020582
10.8082042449	2.527986009
3.1173664534	7.0617752583
8.9123978632	1.7380850547
9.7999573874	6.3081440454
10.1000413484	5.4190193449
7.8477495692	6.7232162071
11.7209905182	10.595494749
4.9817068752	2.5433405711
7.104370201	1.8303561436
1.2256489245	1.9013871922
-0.0409623548	6.6452057772
6.8115713721	8.2045267826
9.5404769871	8.9874279087
6.9834909281	8.3880568233
7.1849270286	6.9448022743
8.5579385616	2.2932104731
7.2315154684	5.2911976654
14.5509973318	2.0856914869
9.1058667288	4.3475700956
9.3801154432	7.7620241469
7.6280132786	2.1731155285
9.4414784765	5.1243428287
12.3459093136	5.4185111122
8.9499276559	6.2753382417
13.4845290694	2.8886969745
6.1477093301	3.1205014978
11.4310269426	0.7913508129
3.6837820189	7.5999214883
9.0102660043	0.9363596185
7.4031622097	3.7158005588
11.8025404917	5.9893893638
-3.4883079496	0.6007729156
7.3694044998	1.4179383892
5.7350054543	2.3998532869
4.4053420115	4.5425233991
9.3209920757	3.7241573626
4.2121154489	3.5242374335
-0.3968883528	2.8323108427
9.3229768623	5.3919726992
10.436490933	6.872556497
10.3469531464	8.478096774
5.7233231884	3.3308366543
15.3806598691	1.2759300793
1.4932802107	5.5386676547
3.9211943691	4.5812031791
12.0015851608	4.209323739
2.4483523766	2.3743864538
11.1137473438	1.7815460987
9.6746523607	2.0964732341
13.7335872633	6.4471265046
5.6998057404	3.5261920411
3.143950595	4.2525387895
7.0702119189	3.3645617405
4.6214006015	1.947655704
5.6998288683	3.1077509721
1.7708088327	3.6813680745
6.6518818456	5.8365612974
8.7005672687	2.7764625852
4.2617467354	3.4797012104
19.6957508733	4.5676102384
7.3998533686	3.7176647038
3.16789382	5.073769591
7.9989885786	4.1197774514
5.3126601988	6.8783719254
7.885264267	0.6470618782
1.7969540871	5.8355024708
0.9224777527	5.8506558819
10.4826452709	4.9424895337
14.8989926245	0.8518892817
3.5709089759	5.1440130794
9.0283812789	1.3937200425
0.9202287565	7.2045455952
10.6224417356	4.7778602289
4.6456142743	5.3608969777
4.2337371171	1.9849218141
10.8553399704	5.3349290401
6.4504100296	5.6119447291
6.1847419748	1.5006137216
4.1349244082	-0.4491720733
5.5344630447	2.0866387728
10.8902545621	5.210962331
11.5995874326	3.5874238873
3.698092854	5.0529302634
4.8028357592	5.4373700401
7.9350711513	2.1446091509
0.3993395869	3.5246960888
15.5028974081	1.9041173894
11.9158312221	3.3014560865
7.4648489096	1.1693228164
10.0801674114	5.945693594
7.0504918296	3.2640475134
6.7783433801	6.7317986799
13.0876327514	8.165472835
7.5816727696	3.113702753
2.7285297815	7.7146208139
10.4718444042	4.2837136942
-0.734715423	3.399828295
-3.3651945617	5.5469803766
9.2668133062	5.9386187737
5.9555185034	4.4562768268
7.3943827348	7.6710949074
5.8188706549	2.1641238882
3.5148560277	5.3938990758
9.4653101831	7.6150141697
11.1176039071	5.9438844397
0.6346618897	5.8290470216
11.3504336842	3.1288023432
11.4780921889	9.5507417233
1.8584494318	6.5220623733
11.4674118923	0.2899552841
13.6900843643	4.7184963861
7.3395293274	6.613088166
5.8473647994	4.4045917666
8.3220380878	2.0814424347
4.4020947056	2.911589759
9.1336974145	5.174965296
14.1737177939	5.3721931485
2.8298138485	2.815312785
7.8062271747	1.6511663621
3.5208874209	7.196973948
7.0492100473	3.2064226339
12.250145905	3.1946818812
3.1811994082	2.5249022388
12.6038086143	2.5691142427
14.1480752469	4.9723768466
9.7809304072	3.1785958697
4.030104991	7.6079308416
12.4799088529	-1.0694401295
12.2269693085	0.1848361112
7.2429006773	3.6467030832
9.6477115726	2.3446956665
2.6576456451	1.8522338246
5.1148513923	1.0291179476
13.266250809	-2.5420609658
6.7319421777	3.4568217609
5.0960329023	5.4716104074
10.0711011298	4.7348275951
2.5886206014	5.3016239431
7.5629367178	2.588419712
8.6721774163	4.7530884215
5.1910544176	6.7873783109
8.9045436805	4.9217995307
9.9171130806	3.2316129814
2.5517788339	4.3961165407
3.0480835741	4.2784660867
9.6496943557	3.8273918991
5.1503019554	5.9140164883
6.4905349175	3.0490999141
3.3656648343	-0.1296238349
11.4012540718	3.2665129027
9.8350157953	3.2291283447
5.6558443502	5.365514947
12.5072636035	3.4217519347
13.0157318608	8.4222103702
3.3378366887	5.0473075119
6.0000500988	3.8857239568
0.200740223	4.553874652
7.1801477835	2.4263928489
4.8883679913	4.8159366619
9.0552283455	4.9820094639
14.76674058	2.7229919518
7.0366561325	4.213608928
12.6060331584	5.3681178132
7.6057500832	5.5618158896
10.3958419745	3.9496060135
4.3684254285	3.0819932097
9.9248821967	7.269739163
14.0616199164	6.0580098481
10.6827609119	5.420942224
9.4011353188	3.3974865355
7.5985493006	2.4502535157
6.7020501133	5.7653606721
11.3232913758	4.7232782898
-1.6480549665	1.685117155
6.5955723166	4.6845530756
-0.076801088	2.8549031743
10.6985627531	5.2683650307
4.2071045778	4.1686188726
8.527025228	1.6753793292
8.2728304239	4.2241222788
8.7967951272	5.8346380494
0.4784207499	4.3914573732
4.7389167459	2.5572445958
10.8251011613	2.675996252
8.714605894	2.9488837245
13.3749169067	3.536706992
6.5674527408	4.0914709052
0.88764268	1.5692009549
22.6942119855	7.2943990297
2.717129347	7.1655221241
5.0399586985	6.2440123523
9.2345974729	4.2891798582
6.7387431877	6.2796092936
6.7395360238	1.2024540237
11.6446770942	4.8011876375
7.0436662055	6.0206714719
10.1783236678	2.5647157751
10.9003398505	1.9159898336
7.0214344409	8.0028328163
8.9208696214	1.6426860565
7.5246514587	3.6649521623
3.5230529442	-1.7625414167
4.2601905705	2.6867579047
6.6850727086	3.2531303123
14.7520301522	4.6974131812
6.36920506	6.5829830673
9.2805364876	6.6690025234
4.4946119547	4.159646277
16.6439573462	2.4797043462
5.5401048765	3.3904854084
11.3820117629	2.9833058885
10.4173351773	2.7661048369
7.6549358507	2.3632872906
8.3242591017	3.376220595
11.9378408556	4.3523427742
4.1876919874	5.2895951073
9.3936641062	6.2505586077
11.9701509992	5.8341757757
11.1719864542	1.0909220517
7.3487320205	3.2611207825
16.1993087541	6.0611843696
6.9686238671	6.9220034851
5.65073137	-0.149883276
8.958783689	5.2287076293
3.0834364889	6.847252174
5.648766098	4.4937556574
2.0830830737	1.7754404429
12.9824298285	1.6053346581
3.6870077717	3.932514006
9.9642718727	1.5743372989
9.6906148123	3.5664997288
12.7309865916	1.8471095764
10.5296522862	7.4281907753
12.8440013465	0.6284702436
20.2364598321	1.4377896933
1.3808365753	3.4762286806
11.149805732	4.4129461535
10.7681900641	6.1225704404
9.103488313	3.1316639531
10.2071584343	4.7771532814
3.2293265489	2.1625831732
12.7006844555	4.2731321127
1.1651430151	-0.5364353357
8.9044772888	2.5038761015
12.5020712218	5.7236962632
6.9047123138	3.5668042253
7.5768724889	1.1942979471
9.679617638	3.143315312
5.8364280412	5.0880653866
9.0806967987	2.8420085064
7.9079314127	6.1723017633
9.911988957	5.467976118
12.3449694921	3.4682499557
9.8797247458	6.5615451333
8.7898400892	3.7928102589
7.8677832984	2.6407567574
12.6418151458	2.9525003175
12.8639819113	3.2116517492
14.8510866604	6.7436218192
2.5280913989	3.0963963077
11.4695809424	1.6463728264
10.191440234	5.3656838236
14.4680533232	6.2331784778
5.657396307	4.4908011194
15.8973351375	3.766080102
11.3068589636	2.5094286004
-0.0410940582	2.2337551812
15.7266107904	2.3066846767
9.0154362649	6.2125715949
10.560322405	8.2026086585
4.9202753477	1.2473568702
15.4952835569	6.103273233
7.7724151776	4.4056764577
6.7329332184	4.6614013385
10.074097676	3.2461546475
4.719647193	3.0095483817
7.5487537112	3.2866850763
12.5298143957	1.7449076492
13.9558745974	3.0846919534
7.3876713384	2.6945016857
1.5176451239	4.2048612225
10.3934764709	0.2507397172
10.5434859246	1.2948947923
2.7233951289	2.7588724562
9.9335594632	2.4990769248
11.9555625477	2.2976510034
4.1121334187	2.3428819282
3.0089531301	2.0782896532
-4.2096436647	5.3383581084
6.739834062	5.0656900924
5.295324776	4.7897158342
8.1299991503	5.254897388
7.0303946527	4.1679196005
11.3193337456	5.1165192216
7.3251837097	2.7905504026
10.8815564801	3.4910122864
12.7566377376	2.4140941022
8.2696849763	5.8891507656
11.7591431518	2.8486282684
4.2632129628	6.5295403377
11.4319408859	2.6445133285
6.7678096683	5.4097565968
18.5215702417	4.6359777162
8.1870228054	5.708096443
5.2203842851	4.4845080451
2.8579548569	7.033833649
8.4767160119	5.4887757449
6.499401994	6.830148086
5.8566269335	2.6997355063
4.9123286174	5.9629352667
7.3759689071	4.4910414768
12.2935968741	3.5625749496
10.9628747212	4.2600454164
7.8719740413	1.4819835735
4.9685802505	2.4543671831
8.9803534867	-0.5924660177
9.1274519251	4.2555975925
14.4017111293	1.2740335219
2.9002272331	1.6254433806
6.914263114	2.0172514364
19.2870413022	4.1083500913
2.1017675352	3.3693442569
4.0604139518	6.6421495736
13.4014732235	3.7539096665
3.5054541563	2.0985673282
5.69607239	6.4986601714
15.4312500268	7.4043490886
8.0166036555	6.9206685944
16.7569028129	2.6808138353
3.186602343	3.5736489806
6.291916099	2.4474713638
0.1488145524	0.6955121603
3.0194093852	3.1982235548
6.3144673935	5.9626998708
2.6393288151	5.2914955762
10.1479256294	4.0845942634
12.3229930058	3.3021825329
7.7384426455	7.118137467
16.3499789073	3.9847468907
1.6474308747	0.827769735
9.0637819905	-0.8138306207
8.9336446925	3.6852814058
8.2728005607	3.3063255476
6.9244295582	2.9370439973
3.798786059	3.6773426137
7.9526766082	2.7354322188
11.5999158569	5.0653796178
11.0685300598	4.3034167474
13.0969863203	1.5442444216
6.5236352838	6.4820586683
7.0601728027	5.0190530967
3.5122031891	6.2360944764
6.4204373379	4.5716851804
3.8917021168	3.9394879095
6.4252785948	3.815568851
4.0968435182	5.0710656241
-1.3477755201	5.055008048
2.8927098192	3.1410493941
9.5809752803	7.6623946718
6.685002192	2.5619692402
8.1242137779	2.5117783779
6.9908279785	7.68656465
1.7803069951	7.1198607501
11.6332198128	4.140040864
9.7441710025	2.1972171132
12.5438032539	5.2408546665
11.4110814787	8.3852650237
10.699881734	3.2327827465
11.133073392	0.1995416098
11.459786075	5.7988728626
10.8383354255	5.5182269778
9.3453471444	2.7601920308
12.3771956181	4.2852387882
4.7537593138	5.9952206084
1.4646032685	4.2250344583
5.2929539846	2.8874271376
6.9724832556	7.3366693536
-0.2454773859	6.6462037022
0.0732690287	6.0204597225
2.6704631812	2.2407257283
9.5078171728	5.1615329314
8.7972395446	2.9137073248
12.3274382587	6.1579213606
1.0320466672	6.8658633363
9.28070012	1.9454636011
9.6574939247	8.6745728701
7.7297937879	2.9918324405
1.9757254471	6.766857328
4.4804877856	3.3539994452
9.2637437864	3.0431510655
7.9063475528	-0.0038122196
4.4972467778	2.0225058664
3.1204766233	2.0562117123
10.4333343111	0.4551817365
-0.7705516196	4.1692514674
6.5168534997	0.4872803005
11.3571121519	6.5406435059
5.1843966922	6.6158533536
15.676863409	3.0172978866
9.1705735417	3.5890338541
9.1486755759	6.8410981188
4.0566219963	4.1267588818
7.3109257343	4.9089213401
14.5960014177	3.3320023576
13.1600397007	4.0598185547
8.4179071624	6.2614598199
9.4017849509	-1.2459354495
13.9704367677	1.2194345801
12.1856673524	3.8938256289
5.9583321871	0.8154036474
3.5543306683	3.5241138588
14.3971333723	5.9694064297
8.0313100356	1.5892376746
6.6787328408	3.7314746239
8.5114035282	2.405108435
14.9029250391	2.5942032514
14.0134522579	7.2633195846
6.4426556688	5.5124822852
6.0433782535	4.1785745654
10.7572865323	3.6259763718
-0.5478521913	-2.0815931632
7.3790247297	3.5580652983
7.0094501122	3.8691414618
7.049879588	6.344861023
5.188034753	4.7563720854
7.7977358049	4.7111939424
5.6031740021	1.0723468523
10.7685754665	5.8081265123
0.5193453735	3.4675690743
6.7930298553	3.1884121184
11.5551882196	7.4685855849
12.6172508227	1.0537409893
2.6675546179	5.7090813242
12.3031805879	6.6967684474
11.1262772379	2.4511734788
9.1514433724	6.1002138319
8.2431294863	7.3317029741
7.9879457452	1.2606204467
7.1944936845	5.8636460979
7.381184975	4.2217745916
9.0078768336	3.118080444
5.2198163505	1.7428563762
2.223536614	1.1434168227
11.444077474	2.9770194901
9.475253028	1.7236283446
10.2198738741	2.5180138341
15.803518678	6.9568854869
3.6159473721	2.1305584261
5.7791210868	2.5518443932
11.6557087579	2.2966469217
11.8041037123	2.7223912802
13.5038644768	4.7937733592
15.699808844	4.0409758917
11.4270133364	1.798654712
6.4080010392	0.1492903264
2.8389634123	2.84076614
9.4430135921	1.0292139929
-0.1341420329	4.2128157635
-3.3317362639	4.8544359291
15.6898959767	7.0912439693
8.4284733639	2.8140332208
9.9554996992	3.1592852629
9.8798017069	2.8690447003
13.8369735863	2.6724027201
-3.2652755778	1.0917023795
4.4062688756	8.4655849525
12.4131139793	0.7447808214
9.9296903488	3.4135391114
2.512596447	4.10138011
-0.9704708902	2.0138266304
11.5785358924	2.3911959868
5.67487936	3.0778978954
3.4365443095	3.7076120196
5.7582901021	1.9492267289
9.739185925	3.08158358
1.4796093791	4.4004586956
8.4261871877	1.5180716838
16.9224994284	4.5370819776
5.1079050639	5.0375984526
3.5623390556	3.8623413415
4.3483600693	5.7635397321
8.6220582583	0.026764889
-4.1897399805	5.5913349514
8.1195954375	1.3558411375
3.9044906842	3.0160782778
6.5388767849	4.7436385907
10.9865480474	4.3656673061
6.8167068021	5.3169628577
2.7776347665	2.9794399795
7.3503865293	3.4644561355
5.1092153935	0.200225573
8.9547483734	3.6105210842
12.3451548979	2.6719409001
11.2388980005	3.8772910646
12.3001317532	4.4584013602
9.4703830414	6.5974052372
7.4934107563	4.9954524096
0.7165154784	6.2662397108
11.0887919973	1.5963312728
3.7176800945	5.9962207028
7.239012701	6.2267743837
8.6729987446	5.7887397268
8.7020289852	2.3473172244
1.7792338441	6.8466692221
9.1646725412	4.3069213208
13.970402905	5.7852301576
13.5126864224	2.1874918206
14.8443028115	5.6215341609
5.9341247017	3.0593387251
4.8474949138	0.7296751949
-1.0727254903	3.2318035164
11.3325919554	2.8880625311
12.6180984291	5.4520506372
9.4810436077	2.0198781383
10.5462918587	2.9743296894
7.5207468761	3.1407078113
9.6202950796	2.3626875396
-0.7347737958	5.0753921045
8.4313758248	5.8391376429
3.4402545211	3.4932775619
0.4335173989	3.9958768514
15.070114841	1.6140396202
6.6252655089	5.0780108772
18.2286252854	3.9672076461
5.8940566239	5.3437552527
5.7542058301	4.5056865281
15.9071102158	6.62034691
-2.5595027847	0.0681655313
12.8354858654	4.2358909891
4.6317480066	7.9560407987
2.614971468	4.1013348227
1.7493880767	6.30455001
2.3458521162	1.8126082124
9.8348564022	4.0361920423
9.2951667563	1.205337443
7.570297149	0.4153891159
5.0268824407	6.1522197471
13.0629758619	2.9965748356
4.9892406478	3.8186327287
11.7616471297	8.0106220776
6.9816250575	3.6277476817
6.6209136794	3.8855923923
7.966137202	7.9259775331
9.9270011199	5.6909079794
9.9021287049	3.3387867412
6.9480061417	7.3055077309
6.8489107339	5.9037986196
8.5090448515	2.6556216206
5.754309487	4.0095334945
8.9919789699	4.3740939572
8.8445779878	2.8674355549
11.1469925405	2.2869201736
5.8689966918	3.7235517116
17.2926534488	2.6880091096
9.1398986005	1.7722322133
6.4107119189	3.2341263749
5.8458434714	0.7838784685
9.2490044918	6.5001335186
2.3008761608	4.2798364399
11.107467684	3.8049731579
6.4895665444	3.1475720453
5.6279931848	6.2971796458
3.7311711841	8.1896533408
11.2218950676	1.8414432374
8.1856352366	8.674865221
3.4759861189	7.2562844924
7.6443191409	2.4711056866
4.4538295424	7.0343754958
9.2686844465	5.201295762
13.1754120767	5.3537929258
11.1981901118	2.6393323347
12.7909496477	4.9475405511
9.1482913431	2.9443134263
8.45794471	3.533178595
14.4384325206	3.750953216
2.207456065	2.4439451616
7.2365770842	1.519149955
10.2948102371	2.6052824547
1.5990700708	5.2285411272
9.6124639338	4.636255326
8.1866659043	3.0880420259
9.7064302269	3.4906270128
6.8481986489	-0.0846393897
10.7199864505	3.2220526392
6.8362811783	3.3162699011
4.8947812205	0.6167742996
14.2879202186	5.0348361359
14.4374205216	2.4330843985
1.7324196923	-0.6993880369
6.9498725252	2.1354140245
6.473829367	4.0510571343
15.1795900033	4.8603613558
13.2621688648	2.7815365013
10.548544949	5.9951223194
6.6296497329	5.1915440185
4.5753392378	6.0929767961
13.0779964414	1.4177648792
4.346339074	5.2662126259
11.342979869	3.4196806605
3.2551926187	5.7514917414
8.5057482632	5.904556655
5.13510767	5.9836931081
9.2448022802	4.3440930388
9.6791187942	5.1648585024
8.2616449833	4.3742370344
7.1316002285	3.7124000578
2.2014728678	1.9055509644
11.6017523428	1.2059791502
6.38209107	4.4140445143
6.0770237434	6.2097962448
7.0942504996	5.435824532
7.8583660808	3.6442376454
1.1187275865	2.5656156954
12.2206116371	2.8471049282
14.1057809547	4.7136897172
6.083253657	6.5733237574
5.0994045922	6.5809786922
5.8536936817	4.9456680417
11.9095497364	4.923700319
12.7093822833	4.1123540448
8.8544032363	2.461196027
6.066709107	5.375683504
11.8328511883	2.4671313911
10.4892729301	2.1614904255
11.0763816586	5.5591259459
14.6462179965	3.4460359504
2.8561598905	1.8301146696
10.6911776159	6.7004319106
3.8486653435	3.392988341
14.0635212895	6.8457961558
13.0799287872	2.4340869072
12.958660175	4.1629051751
12.9367943834	1.4726172343
5.6320329987	3.9509972854
6.3442262053	2.0258968802
17.0778674793	2.9201588608
4.6984710198	0.890636579
13.4546818941	1.3772473981
10.8283298085	2.5506239814
12.1009373972	7.4867682873
6.6738112689	3.2085270433
4.4504950336	4.5428810195
13.3210203807	4.1122585082
8.0449300774	2.0189456988
8.0699898694	7.1136532437
7.9122296177	3.7069415678
13.5755416888	4.9947255235
12.5779387612	6.1891974342
3.5422801196	5.9863867899
11.8774606569	4.818352781
9.1344346219	1.7263016074
8.1458513103	5.5672317687
13.083785921	6.0310573413
8.5481815649	3.1110230782
11.8788143307	-0.6983521108
7.0728362754	5.5734205953
2.5192456922	0.6804320706
7.1601021515	4.2858329531
10.4218837525	4.1011079341
11.505896071	6.8951010196
0.6942486598	8.0459420374
9.8488169522	3.8346800731
-1.3198463661	0.1854584769
8.9203639271	1.502322944
4.9590566283	2.5006607437
9.0397164018	8.098860126
0.8926979771	2.47613574
4.5599977539	7.2613872597
6.943549255	3.2236042079
7.7357378743	-0.2955726263
11.549003635	2.1043328904
11.3050282793	4.6044671283
15.8877972458	6.2862400371
11.6765005601	5.2803768127
8.2326280038	2.7554285819
15.8499180195	2.3270179429
7.5908231922	5.3506617502
1.7513658257	2.5739991771
2.8546019923	4.3214209403
8.5401890429	6.9015719095
7.1040980215	1.4190194887
12.5313924165	2.081560648
4.2565351921	1.219352414
7.2558459519	4.4874577399
0.7252989887	2.9978302086
8.7531706201	5.5907980032
9.6492082352	-0.3708384956
6.9245465983	4.2503490395
8.1487538873	5.675050634
8.6945062408	3.5546026389
2.1297255009	5.2645942171
1.2309093877	3.7736433288
0.205440504	4.2810641066
9.2767132629	4.817158635
11.2248010043	6.5705870083
6.9718899008	1.6698590239
5.4467468104	5.3894132839
10.6329860066	2.3829846857
8.3721071903	2.9670722332
11.2337726818	5.1612798392
8.3078099258	5.6793244439
9.0524339167	2.4064603657
3.8318989497	2.9979953215
7.5243794933	6.1303962057
12.8890720964	6.8053217675
6.6268102173	3.1332279969
12.5583770442	0.0757003183
3.422280696	4.8426343979
5.356200344	6.8387195118
13.4142182825	3.5303296148
3.4187197576	6.2439586574
11.1303817443	1.7576056827
11.9125455106	5.9164317629
10.3279273592	5.9900012937
9.2949490169	4.58089624
9.38059002	5.5086747402
11.7721652338	4.15071457
2.700508056	0.4723099664
12.7529507702	6.4877732997
11.8723851879	1.4535613258
7.6329880511	7.1658249947
7.4213574104	5.429459506
6.339608639	4.7011377559
11.9535263789	2.9548502273
3.7674476643	5.5625995759
2.9060810171	0.9288412511
8.4548027233	1.7836225369
11.3174705793	2.7682824391
10.753591086	6.629357211
4.3405946274	4.2012877982
6.6451529799	4.6445575515
8.9502692176	4.6827461928
6.2428072344	7.1748375066
18.0200709307	2.262630657
12.0223569293	0.0957570573
1.092619445	0.9985059136
5.9803209084	4.0441403282
7.0191613848	2.1248072633
9.9144068852	8.1392577614
7.9007106093	1.1626428705
8.9505921266	3.3022668861
7.1755128941	3.1931251769
10.4417298844	3.9707455051
7.3892516137	6.1537824083
14.8550449336	5.1626659362
17.9303631918	3.0802904253
10.0186327241	2.7330439725
6.2895569956	4.7413608349
6.0916389033	5.5614534068
3.4503372403	5.6065854236
11.4561365811	6.2904412059
14.0677858126	1.3985152332
9.5583200731	0.1643064343
16.2210492261	0.5886797276
5.3178872578	6.4905370863
14.6009205903	2.3072236425
8.9176485787	2.8391731178
15.1011219501	2.906086718
9.8229498475	6.0931277352
4.5629381962	0.8235423014
13.4142492398	2.9492641537
12.1452289185	4.5275225455
9.5278479717	5.057363182
9.186947648	1.0672955374
7.5875457585	5.9393171757
6.2461830094	1.6611156943
5.1009937751	3.1001629541
12.0130269694	1.7974492033
-0.1335760118	5.8518806106
12.0168816601	4.6484754925
8.5958436023	3.4929722235
11.9856959439	2.5212730703
13.260783521	5.8508683599
19.3256471548	2.3255290911
2.8506835161	6.5447493421
7.6603675883	6.1111640142
2.2673446309	5.6315543929
14.8821907806	2.6652715638
6.1370652941	4.5923510097
6.0259234212	2.3509896298
1.1266991075	3.3315603019
10.1361767547	2.5454438504
4.6425773978	4.3737126756
10.3075523718	7.964005067
7.9556816338	4.6997369899
10.6751400477	4.2809163839
7.9494463224	5.6242357799
-4.5142485194	5.7005997397
7.3607643782	5.2102308044
10.5948191976	2.5774937297
1.027514212	2.6988856464
12.0991703311	7.4636484496
2.7513802068	-0.0203299647
2.06256973	4.7096870886
10.6705088653	3.646197137
8.7492006743	5.4818561411
9.5650909985	3.3507297951
10.2221526182	2.7484457136
6.273597327	2.9638493047
2.0180766627	1.8994566224
14.578580303	3.3849249516
2.5277328926	7.6210552096
7.0822234932	1.4767186612
11.1126208595	2.8354876593
9.3647643316	4.3639703221
3.6598060386	-2.0296458871
12.8277479058	6.4931109061
1.7804916423	3.8796624011
1.4256509849	8.1408384929
5.8694937465	5.2826468832
13.5239793312	4.1780025565
5.419601842	1.5916298613
11.5851263968	4.1264526981
10.8041139853	3.4491364798
6.7078265548	-2.1006896542
9.6087798261	-0.2466245033
8.5239817877	5.1849862584
4.4100856722	5.4538449032
7.3098784369	7.08426709
6.8798809118	5.2447422899
1.1910496895	4.6571115153
3.3613522931	6.5896840708
6.1138541221	4.0056024807
7.7833422329	7.3035833956
14.048290606	1.8575065181
10.6063845954	2.7330126927
2.7097095904	1.0857753353
8.7283301038	1.8273675942
4.4603490942	3.6717193164
-6.0026299675	7.2575895325
7.7482734786	-0.6764484191
4.6161677891	6.7536270931
10.3092881236	1.1264877276
13.4124528814	8.0248017165
7.4961549652	4.5608933343
11.8514874733	4.8454437682
-0.0253809433	2.15489166
4.8474708573	2.3033849734
4.1306286438	5.9898874018
15.2464623053	0.4850037741
6.3120946216	3.3008724498
10.3625624706	4.7643249637
5.3659657883	3.6114211039
8.5895344827	3.8386978096
1.7344164058	5.1974245034
5.1097814666	4.9073117891
11.1596656223	3.6288065692
7.0400837428	5.9085149142
9.8034090926	2.5136095253
10.8531617267	4.6822598079
5.8746820679	5.1457234944
2.5465467883	4.1118073886
4.5650154216	4.0259218248
8.8930263227	2.5607005397
11.9231040658	4.9079624224
6.6507750574	7.4357339349
4.5064135228	7.6787414502
16.728948119	4.4423663286
9.8988122115	6.1423206614
4.0143130554	6.2839134852
14.4728856135	4.068461978
9.0612918965	6.7010897054
7.8993028516	4.2348767295
5.5741494029	6.5532914072
7.1764373815	3.1622114243
11.9087021651	5.082383979
6.9773379968	2.4276366925
9.204954586	2.6116737442
5.6086361918	2.5632278431
12.6046835376	3.4306956095
2.1632441726	2.9601450751
11.8572318923	5.0552501162
3.446725775	5.2949911383
4.8786615461	1.9639302212
4.19081792	3.3968187462
6.597550221	6.2741326602
9.1641178701	5.6053757675
14.8847082079	4.0282993298
18.383327678	6.5661180287
13.7145116304	0.3022488506
4.7451809998	3.4950879974
10.0784058951	2.6314053719
9.5290713607	5.4512875065
5.6485912278	9.1512596794
9.0267912981	0.8344254672
8.0059120601	4.9657974294
10.1992984088	2.748838602
8.5231309159	4.0018782727
11.2884177241	-1.483072617
2.7103087698	4.7880848807
2.2966865443	-0.0877666537
7.2020954765	5.0100641334
6.7045229113	3.6396264253
11.0241462538	2.904439825
7.1619261398	4.2883217168
3.3759898993	1.3465662003
13.6220746277	3.5897079127
4.6580354187	3.6343541191
11.4232025327	1.6852139663
6.3782880578	3.0615606095
13.5751757215	4.883078516
7.1543941795	5.1883837517
5.2847432583	3.8652711858
15.3498290645	2.3286131665
1.8225968137	4.7984060855
6.4445715139	3.7932086624
10.6740837918	2.9585399661
9.8220004112	3.446181922
8.3509684455	8.3306444442
4.2569804887	5.9617926758
6.7953998905	3.313981495
9.9970100839	3.509291991
11.7808463844	2.1022264624
5.0880115922	8.5656130839
5.0399069865	4.1740607798
3.198017489	5.5515108801
5.8741709233	-0.2217574304
16.7098413792	1.6841318697
10.25419089	3.6135482195
3.6110137538	7.2356156475
18.187864396	6.469538798
7.1494099314	3.1680169188
5.473819403	6.2256945507
13.6974744093	4.1933056285
8.8789786818	2.4771686851
17.3693603048	5.9766989974
8.8469406715	3.1511833319
9.5129603604	3.4450240846
7.4459267364	3.609776596
12.5904057153	7.3389189901
8.8317806435	7.9043084609
5.1170710097	5.7408704978
5.2625683633	2.532819166
2.6259470067	5.2057435248
6.2801565108	3.9005053074
8.1841179347	6.5024163074
7.3677861039	3.4327091669
11.9318109155	2.0023690139
6.2067947002	0.9423268198
6.2676148948	3.2532819722
0.9919414892	2.8659254093
11.6961547897	1.3511243178
1.0500174248	3.2097267519
8.4411910835	7.4175288387
5.7664569176	4.4850242942
-4.4793403129	3.8609701185
3.0871150044	4.9162519497
7.6966857302	5.4782235133
17.7867406695	6.4615637317
10.6036638451	2.8249101664
3.2507756242	5.4102562448
7.713870646	0.862124693
8.6107517087	5.1881333247
7.1673118514	2.0361804776
12.9211098935	3.9700322932
0.7040461622	0.5686195489
3.5972197155	2.5792499574
13.9269553215	6.0847707609
11.3504420264	3.7732605799
2.6918766125	5.290006986
5.5474281122	6.496937859
6.4964696827	0.133798628
5.7827492258	2.796083549
6.6373848344	4.4478155048
6.9017748179	4.4750315366
6.7808745027	3.2293886585
12.4816835815	7.5065726189
13.1229512547	4.0012191721
6.6939608288	2.4271525533
4.8125187208	4.0532311334
7.4110654554	3.5342400248
11.0394884849	3.6477481079
0.5852704209	4.8268448315
10.4547086863	2.5854687522
6.6911252518	4.1062390331
9.0923756334	2.8566778322
5.5838365751	8.2097964878
15.5705623752	4.4047193359
5.3259681492	4.0783103907
8.4049094846	3.3133411745
15.0187729272	4.0908598796
2.6734147832	4.193830868
11.6147231557	7.5056222074
8.5471985059	1.9467574953
4.3561770755	4.2303420434
3.7364464927	3.9020873837
1.3433938534	2.2009856087
6.9398298753	5.7707960569
7.1959108151	5.6972245427
7.9803225869	5.9011603569
4.6624744456	4.7254761983
6.2117284545	7.9317063615
5.7420398405	1.8465975015
4.3806422787	4.0101801243
8.6768439606	3.7966927663
4.3656711177	5.2610340117
8.8113748735	1.0778140622
15.2025437714	1.1284301413
6.2734854189	5.2610363087
4.6537022681	3.5893698034
11.6628485059	3.372731314
15.9897527096	4.2963838602
8.8927518828	1.3968892249
13.358159423	5.3262582544
11.8414433618	9.8884079615
2.1146241425	2.4601395968
6.152037015	2.4042429687
5.3294461721	2.411883383
8.5463184401	0.0536171351
2.0592012005	4.7178456536
-0.120842536	3.9068421671
10.3036129484	5.1171974377
4.3118351598	3.9214874535
12.1873582388	2.5604197506
1.0700608266	1.5646074634
4.7728736341	4.9777189034
13.1552799102	-0.1191618581
8.797348397	2.4026237117
7.9187741765	7.3319989709
3.8454309417	3.5807639733
16.3096500942	2.7019625459
2.4159007692	3.9766960311
13.5620165418	3.7360027038
3.684910771	5.2474877803
9.6641907843	5.3228082382
7.3022010883	4.5533882168
-3.2731319233	4.0138271418
9.7434870595	0.3346904684
-0.7058566596	5.6084916921
8.1745623501	1.6206332224
4.6690006458	3.051244998
3.6874778441	5.3461892767
8.1884447231	1.2649842109
16.6520756208	8.0938201467
5.232998338	4.281084991
14.5319253429	0.4695859584
12.4077816891	4.4441506121
11.5798474914	5.5396042257
6.8223351818	1.793914869
6.044062584	-0.2687872956
9.763401296	3.286347585
8.6723384723	3.2174393291
12.366122935	5.0397492191
13.5013628529	4.9824792005
20.6260913674	6.3627624192
5.2933783593	2.5397479723
9.8599690293	3.8914498475
7.6805605455	5.4458438913
14.4061899538	3.9165595292
11.8565271955	6.0567709448
2.4617466337	-0.4895165306
3.3721956188	4.7510890968
10.0961940919	8.2611501384
5.2501473958	2.41177387
2.3531679155	5.7362400135
8.2789324409	9.5264415753
9.9169260795	2.0063559956
13.4127116213	7.3740568684
8.9129340118	4.663393666
13.0614663211	3.1091987572
-1.5726729837	6.2746806839
8.1953700139	2.2217774314
5.3632366918	5.9789067008
7.6826214413	2.2172780111
3.2687990423	1.7229997633
7.2635993796	4.7275355396
6.4399051161	3.7813835982
9.7439793638	2.1172471955
5.4107115648	3.7746281666
9.9382162957	4.5833896907
9.3275373919	5.0611949842
6.6866723063	3.4790872374
9.0572942566	0.9126522029
12.0568870178	4.1833785709
12.954713443	1.9469289132
3.7003474871	3.0023917327
5.8836129162	3.3406788384
9.0089052598	2.5783589562
11.9148103336	9.1175606426
8.8870805921	5.6618090196
18.6298083522	3.2124049789
5.9231749602	6.0052731193
6.2402800931	4.329107448
9.9094946586	2.4426530117
13.0494223932	2.4547078698
13.8737267068	5.4587274647
4.281425807	3.7305732562
10.6983677761	8.2327148665
4.4982479667	3.2413130086
15.3765627978	4.9391233167
15.8483181617	6.9261346549
9.3309828148	5.5320911924
15.1786844485	3.5229044911
7.8957323179	6.1806003132
17.8898137395	3.3059162534
9.4448228261	3.9488804796
9.0424140237	2.2525738499
11.8445307963	5.4281750437
11.1393590803	6.6918366339
12.2045394331	5.5841203308
13.0617808451	7.5224701611
3.2883934995	2.0072860873
7.8528345859	6.1819663395
14.9796011679	7.563160918
20.727620793	-0.2229919558
12.4409556447	9.3283727075
10.8818689916	4.1565233868
10.5135127381	5.6197014907
10.5022297144	7.6044545514
11.9653111214	1.2051779768
5.1361709745	2.7996710991
9.0462836422	2.4021958594
6.9484964036	6.1874196908
6.8301111407	0.7939272894
8.7835171318	5.0443434391
2.4051795729	3.7409577549
14.3277783107	4.0286276114
5.2470417	5.9438314355
9.8030602041	6.5957872658
15.0119212152	6.4862702627
3.9592651199	4.7951578668
8.1984176523	4.5560859578
0.4652090124	3.04482388
5.7937880632	3.4735796403
8.5529909982	-0.5649587495
10.2409138672	0.2654898607
9.3402095195	4.6789125993
12.3194959242	4.9198723777
8.590156708	0.7313239895
8.5391051927	2.5882545578
11.9716292022	2.9546639305
10.3425153248	4.5083722482
2.9041618886	8.2730831573
3.9622811834	4.5011024086
9.311417563	2.6686462494
-3.2377031519	4.9925307426
2.6552256232	0.6089944038
10.238498882	5.783139104
7.2590700471	7.7066735882
-2.7061581708	4.0574349991
4.3528493583	3.6224451429
7.728406936	5.5591482334
0.3353726451	3.8822812169
10.0187541626	4.6092327301
-2.5472424325	1.4571161395
8.6830947651	2.3850572407
14.3465264978	1.9792729187
-2.216506185	5.7266966963
6.9444363365	8.0018116821
20.1925220207	6.501283745
8.4675316403	1.7849202716
1.8943511937	3.0938562947
11.2830003527	5.0362062761
2.8496118279	4.4780733033
4.1656832886	6.7853398306
6.7877910059	5.6966373558
9.8271118041	3.629910414
3.3811451352	4.185303008
12.0412934345	2.8446048417
9.688568011	4.2250097638
6.2310243074	5.7150010311
5.3758118177	1.5733081729
5.3669209609	5.6209280554
10.127471571	3.1035104324
10.1274330689	0.6173564931
10.9837159247	4.4381621233
6.0575037075	2.4041713767
8.0114920394	5.790313877
5.3521729881	6.7691688323
13.2003355591	3.0651702781
9.9456581398	5.3414528792
3.3382243224	6.1625034466
6.5105290234	5.6035620251
11.1355678756	5.0224976207
1.1779171633	4.9983439682
8.5028262486	3.2447795472
3.8522205873	1.9423924415
5.1705181876	4.2821562291
10.5093767446	4.8937514839
3.9649560253	5.7664687387
3.1027905972	6.6738865248
9.8928456901	5.5862140506
9.4250863348	5.4200289223
5.4796025999	3.5146243636
3.7692663254	3.4557513675
9.181957635	2.909095026
7.247518404	1.4331533365
8.7680359725	5.291806552
2.3856833252	5.2734428353
6.1229642623	3.1949131266
13.1960673621	1.3743708089
7.2541901403	0.8967706401
6.6172937135	3.7914912355
7.457123565	7.3152734312
8.2370111554	4.2608932912
9.0328131487	0.6902825727
3.6452768992	2.6499833289
6.6026829436	7.6490735736
3.3623312574	5.9011988968
9.6662754948	7.2138200954
7.0227029221	5.1517714649
4.8801342569	2.7401194388
10.5513274999	6.4855546752
11.7997247657	2.4746183037
5.0721997431	6.4838701786
12.0508511466	2.2263339646
6.8724882498	2.392287154
16.1080961836	3.7033538619
3.0461287656	2.4806353942
11.7149594111	6.1773411887
10.5565406721	6.7249252394
4.5216558957	10.0859430018
12.0865892566	2.3774294641
1.4140332703	4.0968471794
13.3347469387	4.9285765074
7.452481569	3.2313457505
2.9662774019	4.8736451904
4.2909717716	2.6127283191
13.1873932266	4.146374047
7.857822791	7.8386112209
0.2574226266	2.4520523958
12.6619559406	5.6670325621
5.2621328205	5.2877347156
2.3090693813	-1.5955677088
6.6489872689	3.4267719966
17.666111013	6.623509473
14.7206195273	3.4161107158
5.0089068625	3.9749814051
12.2836174014	8.1540194049
5.0526288782	0.7328258392
6.4603293034	4.4740534271
8.2018603101	2.4212389337
3.0917913485	3.4457279109
0.6651993936	5.5180200228
-0.1422447555	1.6159082257
11.9025681171	2.5308741647
7.5788227057	4.4521802998
10.3846436259	5.0457441681
6.3568541262	5.1562315837
7.1531211193	3.0472769669
9.2919979954	3.3192942614
12.2447349023	8.3671084525
5.4916127519	3.1558227626
7.3628592063	8.0349031539
12.4036483768	0.4024463245
14.1138172436	2.9265983511
10.2072288033	2.0563140304
9.2934557928	3.1527919034
4.3789280162	2.506081032
12.4636516085	3.9519289171
6.9529221127	4.6328977527
8.10212803	3.9228353604
15.4604609813	3.9301021712
13.594117359	3.025307525
13.6398197659	5.085069717
6.8818374668	1.2861412439
2.832909868	1.1502529758
-1.0318126746	7.4377271037
12.755587821	1.1952929054
14.2151899157	5.6880294306
8.403260001	2.8235944153
6.9367495924	6.9700387383
10.1532941103	4.1645612723
12.5795042293	0.7458382381
11.8471393617	5.5981877152
5.3812009031	7.6921775076
7.1661652328	2.8963496608
8.7571106813	3.5724515254
9.5563779597	3.303215716
4.5687452573	2.7242157203
5.7744227839	5.3832589392
7.5988551758	5.2504470544
5.8193852772	6.5290354204
4.3218335811	4.9656773761
9.7283148324	-0.1709703197
12.6028591802	5.3117984192
10.0558255972	3.8361286974
9.0543230219	3.3577749975
6.8539065346	5.9931113865
-0.1731967194	-1.8193301977
13.8161604624	8.2175250776
15.7620584691	3.8587865711
11.6850975935	3.7502246051
12.4227766899	4.1142494137
10.6366398977	1.5995248561
8.1345994271	2.0255190084
8.33065433	7.6471250098
10.9653636515	3.131536935
3.5148962879	1.9021586751
3.3688721301	0.5143246213
11.6971100077	4.807430481
1.2681013918	3.3561353855
2.8297889872	5.0682566388
10.3110040349	4.4910525182
16.2843236743	1.2186427314
3.6845461396	4.1029884884
4.8790613826	4.124947168
3.3225389424	2.6545859432
10.7217599012	3.8173160072
2.7248589624	1.3340927457
8.9991152035	3.4946924746
8.8339952224	0.1435623558
14.2331441729	2.4954935113
8.5988750077	3.108391936
7.1563927696	4.0397142982
10.1346265744	3.1954332707
8.2275639516	2.1909295625
5.3042661698	5.4530668558
0.3041885287	4.0094774238
11.6927113479	2.0115085268
10.3644335264	4.6249487973
15.3814125055	5.5492767391
3.5796887954	2.8450094703
2.9764404112	2.7263011882
6.5194941891	5.8772853289
5.109262146	6.9743837385
7.8077021517	0.9667113661
8.2062355889	4.2166449735
6.0755340612	2.5239854505
16.3207860833	8.2283701827
14.2527810221	5.2594988964
8.6577139839	4.0344295163
2.0821945317	8.3166934985
6.298326471	8.8478302482
10.261171107	4.2809805737
7.1224941281	5.02874392
12.5519352101	2.8037555257
9.4921432205	1.9499161498
1.4541476592	8.4624662579
13.3997573389	2.3983666635
14.0968107314	6.0945679686
6.7114524787	7.1234635995
-1.8468637517	1.3104139803
9.2617952917	5.7327201269
6.023318571	9.2260505548
18.5686666324	4.7624676781
9.503128357	4.9081807512
5.5088660272	4.3865323716
5.111302706	8.7266577886
4.9628517628	5.0471374614
4.7751585131	6.7963434875
4.6438978082	3.5547668125
2.8507157109	5.4186630336
14.5041259831	4.3456645631
11.4219117373	1.2882753451
12.2015742702	0.9868028628
2.8122599589	-0.3416904934
7.1247558705	3.4213015815
7.8078773184	3.7551645113
15.061032693	6.2749666132
7.6713670879	5.5810020503
11.6341122308	3.7070474814
14.5270957377	3.8800064414
-0.6253202139	2.7941300673
10.4954877638	7.8979572592
6.7802652967	5.4340591084
16.1252616283	2.3186948673
3.7937258581	6.7125701838
4.2793779581	6.8921092827
12.1489630899	6.1754387719
6.2313978222	1.1572443852
16.2069237731	8.266711398
1.3642628919	0.8278187239
2.7087982262	5.1454662181
5.5721360442	6.3923788459
5.0223495895	7.3695760749
11.6086889474	5.21366217
13.593392123	-0.6540491981
14.0800567077	6.0247708628
7.6089578335	5.6869908426
2.7676188643	5.0950306949
-2.5098559159	5.3088219638
10.2410840178	2.9716717605
9.9946020353	1.7507536197
9.5309742927	3.2312191484
12.5033314978	1.6725296252
5.1624909024	3.8860028238
11.7995354886	6.910394758
6.5454885282	6.0166723697
13.448579129	2.0072896264
6.2777206274	4.2031757494
9.356552223	5.6436386569
13.4383043748	3.3085348025
11.0380324442	1.8824010031
10.1150642314	5.1789426925
6.3021872498	5.4771127287
8.9265277498	4.7192737528
7.3251295412	4.9455226139
0.6521508458	3.8953446111
5.4349774548	7.2749902799
6.9367361884	6.6373807354
14.0330771954	3.0004234364
6.7374553279	5.8353094658
8.6585592065	3.9332469983
7.4854754602	3.9550612672
15.0989818635	4.2933160503
11.202443463	6.0602030928
5.6719515768	3.0436012258
7.8810069454	1.2657919803
9.8999259348	3.7468547191
7.3380533873	3.0939843128
9.039515384	3.6570136252
6.9448726336	4.5251874307
10.5323993304	5.3499114548
7.8877163487	0.5224330309
15.0018846281	6.2859293582
11.298064377	2.2692722688
9.0749352891	1.7726504764
8.893600656	5.7989958754
12.5702250369	2.0810705944
9.566299262	2.8794698361
4.8831660483	8.0044861271
5.8472645313	0.1684304819
9.6488682307	6.4368496553
11.1782540357	5.6176146055
8.2244391967	7.5816211422
10.4490223945	6.520581269
9.8713696506	5.4361493452
6.5210997156	6.0438983966
16.7184241834	4.535103245
11.8047639368	3.4889469986
12.0872426489	8.6537414389
4.8696818344	1.55861605
12.4651354795	5.3843888037
11.0345925057	5.5752030522
15.9876334577	5.2495504629
11.1894339485	4.2428462275
6.4907930724	7.2480008196
8.555760474	3.4709691782
7.7477075903	2.542145208
13.746681931	2.5443677109
10.7649719118	5.0334769708
11.8217131082	6.2318611791
9.7717218339	5.8603376688
9.39689619	5.5676116429
12.655311829	4.2860051796
6.679248327	3.933156405
7.3565786337	3.6101585233
18.9829928356	6.7397233951
16.1408198441	5.3147539231
6.2524571727	1.0659940676
-2.1556458325	3.4364916719
3.1729518331	8.8873380241
6.8389323615	4.848504956
4.4221757294	6.0430715193
13.1614934644	5.5450878723
2.8761525843	2.1282369817
9.9822745799	4.8592148796
7.7250723119	3.8700289111
7.5364226768	7.6270719148
6.98549064	5.4232401742
9.0177285043	1.2029391094
3.751954432	1.8286156034
10.0032225107	3.7509223091
2.5556195925	5.8080686602
8.6594890595	3.4332956512
12.3701494026	1.2504054313
7.3539536767	4.291020357
5.697749842	5.1706274622
10.3921123828	2.2170677217
4.4243056967	3.3994343575
11.9167249293	-2.1447610038
12.3763903408	3.8266207595
5.3732667011	3.2953618376
8.5983343641	7.0421246158
13.6175648767	2.5116578952
-2.1526061709	1.2313158107
4.7189989198	5.9189877604
7.326594594	5.5070145216
12.5776892002	4.902373488
8.8313967068	1.5513323028
11.3121358646	3.074531509
12.0655809957	6.8485568511
12.5271918496	4.1737124318
8.3973622192	3.0358472951
9.6838252333	3.321392115
12.7432529544	6.3458528583
5.2233629498	5.8491520236
11.1821141147	6.7315466243
9.246313516	1.2141515456
12.9250768481	3.6456067619
9.2600374679	-0.449657328
8.0708546586	5.2097449842
6.5202446219	4.7773983979
14.5480704917	6.8023312508
6.1965727892	8.218042553
4.9907457545	3.7124687718
7.2731089733	4.3870382853
4.0818765844	1.9043763986
-1.2456158868	0.2125729029
5.166790357	4.178681021
2.9879715877	3.3729583425
5.7321677849	4.4208185997
13.4405197747	4.7020216061
3.3326333407	3.1916705357
1.1274438449	4.2784804957
10.0608048012	8.4990609854
17.0671859301	3.3140137763
11.7372425674	5.7757144405
10.5303111835	0.1095844766
7.7725837273	4.8826834024
9.7031444686	3.4993419333
14.1783095056	3.2203349104
7.6114996047	2.6091308026
13.2884139892	3.2261018381
8.4466416196	4.2526820523
7.3951095675	1.5455551218
3.5791186399	3.4509961141
-2.0469832152	4.790623608
15.7395006181	5.2131327633
-2.2098742769	4.4457568536
12.1913006907	4.0586665482
5.7378632682	6.6770105939
12.119742796	2.476726814
6.0508164361	5.2905242999
13.4841626792	2.724508292
5.3537590156	3.4365921569
10.8315531748	3.8746487406
6.7182154655	6.7702154159
9.6936026281	5.6147455036
4.775438213	5.2357099721
1.3810435286	5.5287877018
7.8705114332	2.2385950204
7.1421206219	2.8094330899
5.0875994508	3.2831186593
5.8556244194	4.2375039128
1.9749191651	5.7390912734
4.0716058876	7.8480653153
16.3606889448	2.5323197646
3.9680564974	6.3122412813
9.9807541932	7.4990553255
10.0754668677	6.1062634438
7.1536589798	5.4440574642
6.0297709879	5.9662133293
11.7981531109	4.2018117652
14.1514726691	4.8287491794
13.6206476664	6.8220771081
11.2677895887	5.898273766
1.5631028412	4.5637075694
13.8109842361	4.16847948
8.4624194022	2.153207833
4.4345028038	5.5356838992
4.9754936995	2.5262371018
10.4459036175	4.9967947161
13.9830145343	1.830142439
10.7930502314	2.8780535373
6.4932398136	3.7840544724
1.2199959566	5.7951606936
3.2083545373	2.2453801039
5.4285703124	6.5185295313
4.5669214712	1.2034723517
9.8622547716	3.363552901
3.8839457657	1.4121412389
2.1905106742	-1.682650744
11.854210741	1.7745499104
